Code,CARRIER,MONTH,DAY_OF_WEEK,DISTANCE,DEP_DELAY,AIR_TIME,NUMBER_OF_FLIGHTS,TAXI_IN,ARR_DELAY,TAXI_OUT
AA,American Airlines Inc.,1,1,1004.0,9.0,136.0,9804,9.0,4.0,18.0
AA,American Airlines Inc.,1,2,963.0,5.0,132.0,9369,8.0,-0.0,18.0
AA,American Airlines Inc.,1,3,962.0,4.0,132.0,9964,9.0,-1.0,18.0
AA,American Airlines Inc.,1,4,978.0,6.0,134.0,10148,9.0,1.0,18.0
AA,American Airlines Inc.,1,5,1005.0,7.0,137.0,11831,9.0,2.0,18.0
AA,American Airlines Inc.,1,6,1057.0,9.0,142.0,10020,8.0,3.0,17.0
AA,American Airlines Inc.,1,7,1027.0,10.0,139.0,11600,9.0,5.0,18.0
AA,American Airlines Inc.,2,1,993.0,7.0,135.0,12290,9.0,3.0,19.0
AA,American Airlines Inc.,2,2,972.0,7.0,133.0,9565,9.0,4.0,19.0
AA,American Airlines Inc.,2,3,973.0,7.0,134.0,9782,9.0,4.0,19.0
AA,American Airlines Inc.,2,4,987.0,4.0,134.0,10203,8.0,-1.0,18.0
AA,American Airlines Inc.,2,5,996.0,7.0,135.0,10205,9.0,2.0,19.0
AA,American Airlines Inc.,2,6,1055.0,3.0,141.0,8626,9.0,-6.0,16.0
AA,American Airlines Inc.,2,7,1022.0,5.0,138.0,9629,9.0,-1.0,17.0
AA,American Airlines Inc.,3,1,1001.0,8.0,136.0,10319,9.0,4.0,19.0
AA,American Airlines Inc.,3,2,986.0,7.0,135.0,12627,9.0,3.0,18.0
AA,American Airlines Inc.,3,3,989.0,7.0,136.0,12711,9.0,3.0,18.0
AA,American Airlines Inc.,3,4,1009.0,8.0,138.0,13035,9.0,6.0,19.0
AA,American Airlines Inc.,3,5,1013.0,8.0,138.0,10530,9.0,5.0,19.0
AA,American Airlines Inc.,3,6,1081.0,7.0,145.0,9016,9.0,1.0,17.0
AA,American Airlines Inc.,3,7,1038.0,7.0,140.0,10276,9.0,2.0,17.0
AA,American Airlines Inc.,4,1,998.0,5.0,135.0,10216,9.0,1.0,18.0
AA,American Airlines Inc.,4,2,984.0,2.0,134.0,10057,9.0,-2.0,18.0
AA,American Airlines Inc.,4,3,989.0,2.0,135.0,10163,9.0,-2.0,18.0
AA,American Airlines Inc.,4,4,1000.0,4.0,136.0,10282,9.0,1.0,19.0
AA,American Airlines Inc.,4,5,1002.0,10.0,137.0,12773,9.0,8.0,19.0
AA,American Airlines Inc.,4,6,1072.0,8.0,144.0,10769,9.0,2.0,17.0
AA,American Airlines Inc.,4,7,1033.0,9.0,139.0,9769,9.0,4.0,18.0
AA,American Airlines Inc.,5,1,999.0,7.0,136.0,12933,9.0,4.0,18.0
AA,American Airlines Inc.,5,2,991.0,8.0,135.0,12654,9.0,6.0,19.0
AA,American Airlines Inc.,5,3,990.0,8.0,135.0,10232,9.0,6.0,19.0
AA,American Airlines Inc.,5,4,1001.0,12.0,136.0,10524,9.0,10.0,19.0
AA,American Airlines Inc.,5,5,1000.0,11.0,135.0,10472,9.0,7.0,18.0
AA,American Airlines Inc.,5,6,1066.0,6.0,142.0,8742,9.0,-1.0,17.0
AA,American Airlines Inc.,5,7,1023.0,7.0,138.0,12365,9.0,2.0,17.0
AA,American Airlines Inc.,6,1,1042.0,16.0,139.0,10718,10.0,13.0,18.0
AA,American Airlines Inc.,6,2,1039.0,17.0,139.0,10525,10.0,16.0,20.0
AA,American Airlines Inc.,6,3,1035.0,14.0,138.0,13263,10.0,11.0,19.0
AA,American Airlines Inc.,6,4,1044.0,18.0,140.0,13543,10.0,18.0,20.0
AA,American Airlines Inc.,6,5,1042.0,13.0,139.0,10827,10.0,11.0,19.0
AA,American Airlines Inc.,6,6,1111.0,12.0,146.0,9365,9.0,7.0,17.0
AA,American Airlines Inc.,6,7,1077.0,15.0,143.0,10298,10.0,12.0,18.0
AA,American Airlines Inc.,7,1,1050.0,17.0,140.0,10377,10.0,14.0,19.0
AA,American Airlines Inc.,7,2,1042.0,13.0,138.0,10504,10.0,11.0,19.0
AA,American Airlines Inc.,7,3,1045.0,13.0,139.0,10740,9.0,11.0,20.0
AA,American Airlines Inc.,7,4,1053.0,19.0,140.0,10641,10.0,18.0,20.0
AA,American Airlines Inc.,7,5,1048.0,21.0,140.0,13371,10.0,20.0,19.0
AA,American Airlines Inc.,7,6,1111.0,17.0,146.0,11539,10.0,14.0,18.0
AA,American Airlines Inc.,7,7,1077.0,14.0,142.0,12740,10.0,9.0,17.0
AA,American Airlines Inc.,8,1,1030.0,15.0,137.0,13202,10.0,12.0,19.0
AA,American Airlines Inc.,8,2,1015.0,10.0,136.0,12604,9.0,8.0,19.0
AA,American Airlines Inc.,8,3,1015.0,10.0,136.0,13015,10.0,8.0,19.0
AA,American Airlines Inc.,8,4,1031.0,14.0,138.0,10618,10.0,12.0,20.0
AA,American Airlines Inc.,8,5,1035.0,19.0,139.0,10273,10.0,19.0,20.0
AA,American Airlines Inc.,8,6,1099.0,24.0,145.0,8717,10.0,21.0,19.0
AA,American Airlines Inc.,8,7,1064.0,15.0,141.0,9997,10.0,12.0,19.0
AA,American Airlines Inc.,9,1,982.0,8.0,132.0,10073,9.0,4.0,19.0
AA,American Airlines Inc.,9,2,974.0,3.0,131.0,9383,9.0,-2.0,18.0
AA,American Airlines Inc.,9,3,973.0,6.0,131.0,9987,9.0,4.0,20.0
AA,American Airlines Inc.,9,4,981.0,7.0,132.0,12741,9.0,4.0,19.0
AA,American Airlines Inc.,9,5,980.0,7.0,132.0,12741,9.0,3.0,19.0
AA,American Airlines Inc.,9,6,1035.0,3.0,138.0,7945,9.0,-3.0,17.0
AA,American Airlines Inc.,9,7,1012.0,7.0,135.0,9233,10.0,2.0,18.0
AA,American Airlines Inc.,10,1,985.0,4.0,132.0,12420,9.0,-1.0,18.0
AA,American Airlines Inc.,10,2,976.0,2.0,131.0,9805,9.0,-4.0,18.0
AA,American Airlines Inc.,10,3,983.0,3.0,132.0,10049,9.0,-1.0,19.0
AA,American Airlines Inc.,10,4,987.0,6.0,134.0,9955,9.0,3.0,19.0
AA,American Airlines Inc.,10,5,994.0,7.0,134.0,9909,9.0,3.0,19.0
AA,American Airlines Inc.,10,6,1046.0,5.0,139.0,10160,9.0,-2.0,17.0
AA,American Airlines Inc.,10,7,1014.0,6.0,135.0,11962,9.0,1.0,18.0
AA,American Airlines Inc.,11,1,994.0,8.0,135.0,9811,9.0,3.0,19.0
AA,American Airlines Inc.,11,2,979.0,4.0,132.0,12254,9.0,-1.0,18.0
AA,American Airlines Inc.,11,3,982.0,3.0,133.0,12379,9.0,-2.0,19.0
AA,American Airlines Inc.,11,4,993.0,4.0,133.0,9020,9.0,-3.0,18.0
AA,American Airlines Inc.,11,5,999.0,4.0,134.0,9735,9.0,-1.0,19.0
AA,American Airlines Inc.,11,6,1051.0,3.0,140.0,8578,9.0,-6.0,17.0
AA,American Airlines Inc.,11,7,1021.0,4.0,137.0,9774,9.0,-2.0,18.0
AA,American Airlines Inc.,12,1,1024.0,9.0,140.0,9719,9.0,5.0,18.0
AA,American Airlines Inc.,12,2,1021.0,6.0,139.0,9543,9.0,2.0,18.0
AA,American Airlines Inc.,12,3,1022.0,6.0,139.0,9863,9.0,3.0,18.0
AA,American Airlines Inc.,12,4,1030.0,9.0,140.0,12473,9.0,6.0,19.0
AA,American Airlines Inc.,12,5,1033.0,8.0,140.0,12514,9.0,5.0,19.0
AA,American Airlines Inc.,12,6,1083.0,14.0,146.0,9979,9.0,10.0,19.0
AA,American Airlines Inc.,12,7,1045.0,15.0,142.0,9029,9.0,11.0,18.0
AS,Alaska Airlines Inc.,1,1,1225.0,4.0,162.0,1831,7.0,-1.0,16.0
AS,Alaska Airlines Inc.,1,2,1191.0,2.0,159.0,1762,6.0,-2.0,15.0
AS,Alaska Airlines Inc.,1,3,1222.0,-0.0,162.0,1795,7.0,-5.0,15.0
AS,Alaska Airlines Inc.,1,4,1224.0,-2.0,162.0,1864,6.0,-6.0,16.0
AS,Alaska Airlines Inc.,1,5,1240.0,-0.0,163.0,2319,7.0,-6.0,16.0
AS,Alaska Airlines Inc.,1,6,1253.0,1.0,165.0,2153,6.0,-5.0,15.0
AS,Alaska Airlines Inc.,1,7,1234.0,2.0,162.0,2292,7.0,-3.0,16.0
AS,Alaska Airlines Inc.,2,1,1210.0,-0.0,160.0,2334,7.0,-5.0,15.0
AS,Alaska Airlines Inc.,2,2,1183.0,-1.0,157.0,1800,7.0,-6.0,15.0
AS,Alaska Airlines Inc.,2,3,1210.0,1.0,160.0,1807,7.0,-4.0,15.0
AS,Alaska Airlines Inc.,2,4,1227.0,-2.0,162.0,1878,6.0,-8.0,15.0
AS,Alaska Airlines Inc.,2,5,1244.0,-1.0,165.0,1876,6.0,-5.0,15.0
AS,Alaska Airlines Inc.,2,6,1262.0,-2.0,166.0,1713,6.0,-9.0,14.0
AS,Alaska Airlines Inc.,2,7,1228.0,-0.0,162.0,1848,7.0,-5.0,15.0
AS,Alaska Airlines Inc.,3,1,1234.0,1.0,163.0,1940,6.0,-1.0,15.0
AS,Alaska Airlines Inc.,3,2,1200.0,0.0,159.0,2264,7.0,-2.0,15.0
AS,Alaska Airlines Inc.,3,3,1220.0,-0.0,162.0,2340,6.0,-2.0,15.0
AS,Alaska Airlines Inc.,3,4,1229.0,2.0,163.0,2440,6.0,0.0,15.0
AS,Alaska Airlines Inc.,3,5,1235.0,2.0,163.0,1952,6.0,-1.0,15.0
AS,Alaska Airlines Inc.,3,6,1272.0,0.0,167.0,1781,6.0,-5.0,14.0
AS,Alaska Airlines Inc.,3,7,1244.0,2.0,164.0,1907,7.0,-1.0,15.0
AS,Alaska Airlines Inc.,4,1,1218.0,1.0,160.0,2001,7.0,-2.0,15.0
AS,Alaska Airlines Inc.,4,2,1201.0,-3.0,159.0,1873,6.0,-5.0,15.0
AS,Alaska Airlines Inc.,4,3,1221.0,-2.0,161.0,1924,6.0,-5.0,14.0
AS,Alaska Airlines Inc.,4,4,1225.0,-2.0,161.0,2029,7.0,-5.0,15.0
AS,Alaska Airlines Inc.,4,5,1226.0,-0.0,162.0,2542,7.0,-2.0,15.0
AS,Alaska Airlines Inc.,4,6,1268.0,-1.0,166.0,2306,6.0,-5.0,14.0
AS,Alaska Airlines Inc.,4,7,1240.0,1.0,163.0,1953,7.0,-1.0,15.0
AS,Alaska Airlines Inc.,5,1,1206.0,-2.0,159.0,2532,6.0,-5.0,14.0
AS,Alaska Airlines Inc.,5,2,1189.0,-2.0,156.0,2390,6.0,-5.0,15.0
AS,Alaska Airlines Inc.,5,3,1212.0,-2.0,160.0,1962,6.0,-3.0,15.0
AS,Alaska Airlines Inc.,5,4,1215.0,-1.0,160.0,2035,7.0,-3.0,15.0
AS,Alaska Airlines Inc.,5,5,1219.0,1.0,160.0,2046,7.0,-1.0,15.0
AS,Alaska Airlines Inc.,5,6,1258.0,-2.0,164.0,1864,6.0,-7.0,14.0
AS,Alaska Airlines Inc.,5,7,1237.0,-3.0,162.0,2492,6.0,-6.0,14.0
AS,Alaska Airlines Inc.,6,1,1217.0,-0.0,159.0,2118,7.0,-1.0,16.0
AS,Alaska Airlines Inc.,6,2,1204.0,0.0,158.0,2059,7.0,0.0,16.0
AS,Alaska Airlines Inc.,6,3,1216.0,0.0,158.0,2579,7.0,-2.0,15.0
AS,Alaska Airlines Inc.,6,4,1219.0,3.0,160.0,2653,7.0,3.0,16.0
AS,Alaska Airlines Inc.,6,5,1226.0,2.0,161.0,2156,7.0,2.0,16.0
AS,Alaska Airlines Inc.,6,6,1241.0,1.0,162.0,1991,7.0,-1.0,15.0
AS,Alaska Airlines Inc.,6,7,1225.0,-1.0,160.0,2095,7.0,-3.0,15.0
AS,Alaska Airlines Inc.,7,1,1228.0,-1.0,160.0,2086,7.0,-4.0,15.0
AS,Alaska Airlines Inc.,7,2,1209.0,-1.0,158.0,2051,7.0,-2.0,15.0
AS,Alaska Airlines Inc.,7,3,1218.0,-1.0,158.0,2079,7.0,-3.0,15.0
AS,Alaska Airlines Inc.,7,4,1219.0,-0.0,159.0,2139,7.0,-1.0,16.0
AS,Alaska Airlines Inc.,7,5,1235.0,2.0,161.0,2710,7.0,1.0,16.0
AS,Alaska Airlines Inc.,7,6,1240.0,-0.0,161.0,2529,6.0,-4.0,15.0
AS,Alaska Airlines Inc.,7,7,1225.0,-1.0,159.0,2619,7.0,-4.0,15.0
AS,Alaska Airlines Inc.,8,1,1212.0,1.0,158.0,2664,7.0,-2.0,15.0
AS,Alaska Airlines Inc.,8,2,1195.0,2.0,156.0,2570,7.0,0.0,16.0
AS,Alaska Airlines Inc.,8,3,1212.0,0.0,158.0,2607,7.0,-1.0,16.0
AS,Alaska Airlines Inc.,8,4,1216.0,-1.0,159.0,2178,7.0,-2.0,16.0
AS,Alaska Airlines Inc.,8,5,1225.0,0.0,160.0,2207,7.0,-1.0,16.0
AS,Alaska Airlines Inc.,8,6,1233.0,1.0,160.0,2074,7.0,-2.0,15.0
AS,Alaska Airlines Inc.,8,7,1220.0,0.0,159.0,2098,7.0,-2.0,16.0
AS,Alaska Airlines Inc.,9,1,1198.0,-2.0,156.0,1881,7.0,-4.0,15.0
AS,Alaska Airlines Inc.,9,2,1173.0,-2.0,154.0,1752,7.0,-4.0,16.0
AS,Alaska Airlines Inc.,9,3,1201.0,-1.0,157.0,1811,7.0,-2.0,16.0
AS,Alaska Airlines Inc.,9,4,1202.0,-1.0,157.0,2360,7.0,-2.0,15.0
AS,Alaska Airlines Inc.,9,5,1212.0,-0.0,159.0,2395,7.0,-1.0,16.0
AS,Alaska Airlines Inc.,9,6,1248.0,-3.0,162.0,1771,7.0,-5.0,15.0
AS,Alaska Airlines Inc.,9,7,1219.0,-2.0,158.0,1832,7.0,-4.0,15.0
AS,Alaska Airlines Inc.,10,1,1203.0,-0.0,158.0,2314,7.0,-2.0,16.0
AS,Alaska Airlines Inc.,10,2,1181.0,-3.0,156.0,1731,7.0,-6.0,15.0
AS,Alaska Airlines Inc.,10,3,1193.0,-2.0,157.0,1797,7.0,-4.0,15.0
AS,Alaska Airlines Inc.,10,4,1197.0,-0.0,159.0,1844,7.0,-0.0,16.0
AS,Alaska Airlines Inc.,10,5,1210.0,6.0,159.0,1867,7.0,4.0,16.0
AS,Alaska Airlines Inc.,10,6,1254.0,-1.0,164.0,2151,7.0,-4.0,15.0
AS,Alaska Airlines Inc.,10,7,1216.0,0.0,159.0,2271,7.0,-2.0,16.0
AS,Alaska Airlines Inc.,11,1,1241.0,1.0,163.0,1923,7.0,-2.0,15.0
AS,Alaska Airlines Inc.,11,2,1213.0,-2.0,159.0,2280,7.0,-6.0,15.0
AS,Alaska Airlines Inc.,11,3,1231.0,-2.0,162.0,2293,7.0,-4.0,16.0
AS,Alaska Airlines Inc.,11,4,1254.0,-1.0,164.0,1810,7.0,-5.0,15.0
AS,Alaska Airlines Inc.,11,5,1243.0,-0.0,162.0,1882,7.0,-4.0,15.0
AS,Alaska Airlines Inc.,11,6,1288.0,-1.0,168.0,1815,7.0,-5.0,15.0
AS,Alaska Airlines Inc.,11,7,1250.0,-0.0,164.0,1914,7.0,-3.0,16.0
AS,Alaska Airlines Inc.,12,1,1264.0,16.0,168.0,1867,9.0,17.0,18.0
AS,Alaska Airlines Inc.,12,2,1238.0,1.0,165.0,1800,7.0,-2.0,17.0
AS,Alaska Airlines Inc.,12,3,1246.0,5.0,164.0,1864,7.0,3.0,17.0
AS,Alaska Airlines Inc.,12,4,1261.0,5.0,166.0,2308,7.0,3.0,17.0
AS,Alaska Airlines Inc.,12,5,1274.0,11.0,168.0,2361,7.0,11.0,19.0
AS,Alaska Airlines Inc.,12,6,1321.0,8.0,174.0,2205,7.0,4.0,16.0
AS,Alaska Airlines Inc.,12,7,1284.0,4.0,169.0,1807,7.0,1.0,17.0
B6,JetBlue Airways,1,1,1079.0,18.0,147.0,3044,6.0,15.0,18.0
B6,JetBlue Airways,1,2,1032.0,9.0,142.0,2902,6.0,4.0,17.0
B6,JetBlue Airways,1,3,1037.0,9.0,143.0,2906,6.0,5.0,17.0
B6,JetBlue Airways,1,4,1069.0,14.0,147.0,3023,6.0,9.0,16.0
B6,JetBlue Airways,1,5,1087.0,15.0,148.0,3711,6.0,10.0,17.0
B6,JetBlue Airways,1,6,1064.0,13.0,145.0,3019,6.0,8.0,16.0
B6,JetBlue Airways,1,7,1107.0,21.0,151.0,3464,6.0,18.0,18.0
B6,JetBlue Airways,2,1,1110.0,18.0,151.0,3607,6.0,15.0,18.0
B6,JetBlue Airways,2,2,1055.0,28.0,144.0,2849,6.0,24.0,18.0
B6,JetBlue Airways,2,3,1068.0,20.0,148.0,2833,6.0,18.0,18.0
B6,JetBlue Airways,2,4,1093.0,12.0,149.0,3059,6.0,8.0,17.0
B6,JetBlue Airways,2,5,1105.0,32.0,150.0,3015,6.0,30.0,20.0
B6,JetBlue Airways,2,6,1069.0,10.0,145.0,2790,6.0,3.0,15.0
B6,JetBlue Airways,2,7,1110.0,25.0,150.0,2989,7.0,18.0,16.0
B6,JetBlue Airways,3,1,1081.0,15.0,147.0,3104,6.0,11.0,18.0
B6,JetBlue Airways,3,2,1060.0,9.0,144.0,3795,6.0,2.0,16.0
B6,JetBlue Airways,3,3,1063.0,5.0,145.0,3816,6.0,-1.0,16.0
B6,JetBlue Airways,3,4,1081.0,14.0,148.0,3913,6.0,11.0,18.0
B6,JetBlue Airways,3,5,1082.0,17.0,148.0,3152,6.0,15.0,19.0
B6,JetBlue Airways,3,6,1078.0,16.0,146.0,2838,6.0,11.0,17.0
B6,JetBlue Airways,3,7,1099.0,12.0,149.0,3029,6.0,6.0,17.0
B6,JetBlue Airways,4,1,1084.0,13.0,147.0,3127,6.0,8.0,17.0
B6,JetBlue Airways,4,2,1070.0,6.0,145.0,3051,6.0,-0.0,17.0
B6,JetBlue Airways,4,3,1074.0,3.0,145.0,3094,6.0,-5.0,16.0
B6,JetBlue Airways,4,4,1083.0,13.0,147.0,3137,6.0,8.0,17.0
B6,JetBlue Airways,4,5,1086.0,11.0,149.0,3941,7.0,8.0,18.0
B6,JetBlue Airways,4,6,1079.0,11.0,146.0,3586,6.0,5.0,16.0
B6,JetBlue Airways,4,7,1102.0,17.0,148.0,3029,6.0,11.0,17.0
B6,JetBlue Airways,5,1,1058.0,7.0,144.0,3976,6.0,2.0,16.0
B6,JetBlue Airways,5,2,1048.0,8.0,143.0,3842,7.0,3.0,17.0
B6,JetBlue Airways,5,3,1057.0,12.0,144.0,3069,7.0,7.0,17.0
B6,JetBlue Airways,5,4,1052.0,10.0,143.0,3188,7.0,5.0,17.0
B6,JetBlue Airways,5,5,1052.0,11.0,142.0,3205,7.0,6.0,17.0
B6,JetBlue Airways,5,6,1050.0,4.0,142.0,2952,6.0,-4.0,15.0
B6,JetBlue Airways,5,7,1068.0,7.0,144.0,3883,6.0,-1.0,16.0
B6,JetBlue Airways,6,1,1075.0,6.0,144.0,3220,7.0,-1.0,17.0
B6,JetBlue Airways,6,2,1068.0,17.0,145.0,3096,7.0,15.0,19.0
B6,JetBlue Airways,6,3,1075.0,9.0,144.0,3910,7.0,4.0,17.0
B6,JetBlue Airways,6,4,1080.0,24.0,146.0,4012,7.0,23.0,20.0
B6,JetBlue Airways,6,5,1075.0,12.0,145.0,3217,7.0,8.0,18.0
B6,JetBlue Airways,6,6,1072.0,8.0,143.0,2985,7.0,0.0,16.0
B6,JetBlue Airways,6,7,1087.0,15.0,145.0,3156,7.0,10.0,18.0
B6,JetBlue Airways,7,1,1083.0,24.0,145.0,3128,7.0,20.0,18.0
B6,JetBlue Airways,7,2,1070.0,13.0,143.0,3163,7.0,7.0,18.0
B6,JetBlue Airways,7,3,1077.0,15.0,144.0,3213,7.0,11.0,18.0
B6,JetBlue Airways,7,4,1098.0,27.0,148.0,3162,7.0,25.0,19.0
B6,JetBlue Airways,7,5,1086.0,28.0,146.0,3993,7.0,26.0,19.0
B6,JetBlue Airways,7,6,1080.0,25.0,145.0,3726,7.0,21.0,17.0
B6,JetBlue Airways,7,7,1093.0,19.0,145.0,3957,7.0,13.0,17.0
B6,JetBlue Airways,8,1,1071.0,18.0,143.0,4043,7.0,13.0,17.0
B6,JetBlue Airways,8,2,1058.0,18.0,142.0,3887,7.0,13.0,17.0
B6,JetBlue Airways,8,3,1071.0,12.0,143.0,3895,7.0,7.0,18.0
B6,JetBlue Airways,8,4,1078.0,16.0,144.0,3200,7.0,12.0,18.0
B6,JetBlue Airways,8,5,1077.0,17.0,144.0,3181,7.0,13.0,18.0
B6,JetBlue Airways,8,6,1075.0,16.0,143.0,2979,7.0,10.0,17.0
B6,JetBlue Airways,8,7,1083.0,15.0,145.0,3187,7.0,11.0,18.0
B6,JetBlue Airways,9,1,1050.0,13.0,143.0,3080,7.0,9.0,17.0
B6,JetBlue Airways,9,2,1022.0,8.0,139.0,2866,7.0,3.0,16.0
B6,JetBlue Airways,9,3,1041.0,6.0,141.0,2814,6.0,3.0,18.0
B6,JetBlue Airways,9,4,1052.0,10.0,143.0,3845,7.0,6.0,18.0
B6,JetBlue Airways,9,5,1045.0,11.0,141.0,3895,7.0,7.0,17.0
B6,JetBlue Airways,9,6,1032.0,3.0,139.0,2685,6.0,-4.0,15.0
B6,JetBlue Airways,9,7,1051.0,6.0,140.0,3063,7.0,-1.0,16.0
B6,JetBlue Airways,10,1,1046.0,6.0,140.0,3873,7.0,-0.0,16.0
B6,JetBlue Airways,10,2,1040.0,5.0,140.0,2897,6.0,-2.0,16.0
B6,JetBlue Airways,10,3,1057.0,2.0,142.0,2920,7.0,-4.0,16.0
B6,JetBlue Airways,10,4,1045.0,11.0,142.0,2913,7.0,8.0,17.0
B6,JetBlue Airways,10,5,1052.0,15.0,142.0,2892,7.0,11.0,18.0
B6,JetBlue Airways,10,6,1042.0,8.0,140.0,3286,6.0,1.0,15.0
B6,JetBlue Airways,10,7,1051.0,17.0,142.0,3862,7.0,12.0,17.0
B6,JetBlue Airways,11,1,1058.0,7.0,142.0,3207,6.0,-0.0,16.0
B6,JetBlue Airways,11,2,1033.0,9.0,140.0,3768,6.0,3.0,17.0
B6,JetBlue Airways,11,3,1026.0,3.0,139.0,3766,7.0,-4.0,16.0
B6,JetBlue Airways,11,4,1054.0,-0.0,141.0,2963,7.0,-8.0,16.0
B6,JetBlue Airways,11,5,1073.0,3.0,144.0,3158,6.0,-5.0,16.0
B6,JetBlue Airways,11,6,1046.0,1.0,140.0,2846,6.0,-7.0,15.0
B6,JetBlue Airways,11,7,1078.0,10.0,145.0,3184,7.0,3.0,16.0
B6,JetBlue Airways,12,1,1057.0,18.0,145.0,3194,7.0,15.0,18.0
B6,JetBlue Airways,12,2,1042.0,9.0,143.0,3120,7.0,5.0,17.0
B6,JetBlue Airways,12,3,1048.0,9.0,143.0,3117,7.0,4.0,17.0
B6,JetBlue Airways,12,4,1065.0,15.0,147.0,4012,7.0,13.0,18.0
B6,JetBlue Airways,12,5,1062.0,12.0,145.0,4033,7.0,8.0,17.0
B6,JetBlue Airways,12,6,1068.0,26.0,145.0,3436,7.0,22.0,17.0
B6,JetBlue Airways,12,7,1084.0,21.0,147.0,3068,7.0,16.0,16.0
DL,Delta Air Lines Inc.,1,1,855.0,7.0,117.0,9658,7.0,-2.0,19.0
DL,Delta Air Lines Inc.,1,2,811.0,5.0,112.0,9259,7.0,-4.0,18.0
DL,Delta Air Lines Inc.,1,3,818.0,5.0,113.0,9394,7.0,-4.0,18.0
DL,Delta Air Lines Inc.,1,4,836.0,4.0,115.0,9878,7.0,-4.0,18.0
DL,Delta Air Lines Inc.,1,5,861.0,9.0,118.0,11339,7.0,2.0,19.0
DL,Delta Air Lines Inc.,1,6,912.0,10.0,123.0,8449,7.0,2.0,18.0
DL,Delta Air Lines Inc.,1,7,878.0,11.0,119.0,10672,7.0,3.0,19.0
DL,Delta Air Lines Inc.,2,1,840.0,7.0,116.0,12429,7.0,-1.0,19.0
DL,Delta Air Lines Inc.,2,2,820.0,15.0,113.0,9528,7.0,7.0,19.0
DL,Delta Air Lines Inc.,2,3,825.0,10.0,115.0,9646,7.0,2.0,19.0
DL,Delta Air Lines Inc.,2,4,840.0,7.0,115.0,10020,7.0,-2.0,19.0
DL,Delta Air Lines Inc.,2,5,842.0,9.0,115.0,10087,7.0,-1.0,18.0
DL,Delta Air Lines Inc.,2,6,904.0,2.0,122.0,6936,6.0,-10.0,16.0
DL,Delta Air Lines Inc.,2,7,869.0,3.0,118.0,8643,7.0,-9.0,17.0
DL,Delta Air Lines Inc.,3,1,860.0,6.0,117.0,10489,7.0,-2.0,18.0
DL,Delta Air Lines Inc.,3,2,837.0,4.0,115.0,12709,7.0,-5.0,17.0
DL,Delta Air Lines Inc.,3,3,850.0,4.0,117.0,12771,7.0,-5.0,17.0
DL,Delta Air Lines Inc.,3,4,861.0,9.0,119.0,13080,7.0,2.0,18.0
DL,Delta Air Lines Inc.,3,5,863.0,8.0,118.0,10484,7.0,0.0,18.0
DL,Delta Air Lines Inc.,3,6,909.0,6.0,123.0,8393,7.0,-2.0,17.0
DL,Delta Air Lines Inc.,3,7,876.0,5.0,119.0,10084,7.0,-4.0,17.0
DL,Delta Air Lines Inc.,4,1,837.0,5.0,114.0,10717,7.0,-5.0,16.0
DL,Delta Air Lines Inc.,4,2,820.0,2.0,113.0,10503,6.0,-7.0,17.0
DL,Delta Air Lines Inc.,4,3,822.0,3.0,113.0,10570,7.0,-6.0,17.0
DL,Delta Air Lines Inc.,4,4,839.0,5.0,115.0,10787,7.0,-3.0,17.0
DL,Delta Air Lines Inc.,4,5,844.0,6.0,116.0,13425,7.0,-1.0,18.0
DL,Delta Air Lines Inc.,4,6,872.0,6.0,118.0,10254,6.0,-3.0,16.0
DL,Delta Air Lines Inc.,4,7,853.0,5.0,116.0,10204,7.0,-6.0,16.0
DL,Delta Air Lines Inc.,5,1,839.0,5.0,114.0,13501,7.0,-3.0,17.0
DL,Delta Air Lines Inc.,5,2,818.0,4.0,112.0,13432,7.0,-3.0,17.0
DL,Delta Air Lines Inc.,5,3,822.0,6.0,113.0,10779,7.0,-2.0,17.0
DL,Delta Air Lines Inc.,5,4,838.0,7.0,115.0,11032,7.0,1.0,18.0
DL,Delta Air Lines Inc.,5,5,840.0,7.0,114.0,11049,7.0,-0.0,17.0
DL,Delta Air Lines Inc.,5,6,861.0,3.0,116.0,8163,6.0,-5.0,15.0
DL,Delta Air Lines Inc.,5,7,850.0,6.0,115.0,12443,7.0,-3.0,16.0
DL,Delta Air Lines Inc.,6,1,846.0,7.0,115.0,11238,7.0,-1.0,18.0
DL,Delta Air Lines Inc.,6,2,842.0,18.0,115.0,11053,7.0,12.0,19.0
DL,Delta Air Lines Inc.,6,3,840.0,6.0,114.0,13879,7.0,-2.0,18.0
DL,Delta Air Lines Inc.,6,4,853.0,11.0,116.0,14189,7.0,4.0,19.0
DL,Delta Air Lines Inc.,6,5,853.0,11.0,115.0,11314,7.0,3.0,18.0
DL,Delta Air Lines Inc.,6,6,888.0,6.0,119.0,8806,7.0,-3.0,16.0
DL,Delta Air Lines Inc.,6,7,861.0,12.0,116.0,10786,7.0,4.0,18.0
DL,Delta Air Lines Inc.,7,1,876.0,12.0,118.0,10624,7.0,4.0,18.0
DL,Delta Air Lines Inc.,7,2,867.0,16.0,117.0,11252,7.0,8.0,18.0
DL,Delta Air Lines Inc.,7,3,870.0,16.0,117.0,11291,7.0,8.0,19.0
DL,Delta Air Lines Inc.,7,4,873.0,20.0,118.0,11347,7.0,13.0,19.0
DL,Delta Air Lines Inc.,7,5,872.0,14.0,117.0,14198,7.0,6.0,18.0
DL,Delta Air Lines Inc.,7,6,903.0,10.0,121.0,11278,7.0,2.0,17.0
DL,Delta Air Lines Inc.,7,7,884.0,9.0,118.0,13136,7.0,-1.0,17.0
DL,Delta Air Lines Inc.,8,1,870.0,37.0,116.0,13388,8.0,29.0,17.0
DL,Delta Air Lines Inc.,8,2,866.0,25.0,116.0,13195,8.0,17.0,17.0
DL,Delta Air Lines Inc.,8,3,861.0,12.0,116.0,13734,7.0,3.0,17.0
DL,Delta Air Lines Inc.,8,4,867.0,11.0,117.0,11338,8.0,4.0,18.0
DL,Delta Air Lines Inc.,8,5,868.0,9.0,117.0,11365,7.0,1.0,18.0
DL,Delta Air Lines Inc.,8,6,902.0,6.0,121.0,8733,7.0,-3.0,16.0
DL,Delta Air Lines Inc.,8,7,871.0,9.0,117.0,10807,7.0,1.0,18.0
DL,Delta Air Lines Inc.,9,1,826.0,4.0,112.0,10569,7.0,-4.0,17.0
DL,Delta Air Lines Inc.,9,2,807.0,3.0,110.0,10527,7.0,-5.0,17.0
DL,Delta Air Lines Inc.,9,3,809.0,4.0,110.0,10448,7.0,-4.0,17.0
DL,Delta Air Lines Inc.,9,4,828.0,6.0,112.0,13365,7.0,-2.0,17.0
DL,Delta Air Lines Inc.,9,5,830.0,6.0,112.0,13410,7.0,-2.0,17.0
DL,Delta Air Lines Inc.,9,6,868.0,1.0,116.0,7372,7.0,-8.0,15.0
DL,Delta Air Lines Inc.,9,7,847.0,3.0,114.0,9640,7.0,-6.0,16.0
DL,Delta Air Lines Inc.,10,1,818.0,2.0,111.0,13415,7.0,-8.0,16.0
DL,Delta Air Lines Inc.,10,2,803.0,0.0,109.0,10548,7.0,-10.0,16.0
DL,Delta Air Lines Inc.,10,3,811.0,1.0,111.0,10634,7.0,-8.0,16.0
DL,Delta Air Lines Inc.,10,4,820.0,4.0,112.0,10833,7.0,-4.0,17.0
DL,Delta Air Lines Inc.,10,5,826.0,5.0,112.0,10733,7.0,-4.0,17.0
DL,Delta Air Lines Inc.,10,6,859.0,2.0,115.0,9656,7.0,-8.0,16.0
DL,Delta Air Lines Inc.,10,7,838.0,4.0,113.0,12603,7.0,-6.0,16.0
DL,Delta Air Lines Inc.,11,1,826.0,5.0,113.0,10300,7.0,-5.0,17.0
DL,Delta Air Lines Inc.,11,2,803.0,4.0,110.0,12531,7.0,-6.0,17.0
DL,Delta Air Lines Inc.,11,3,809.0,4.0,111.0,13080,7.0,-5.0,17.0
DL,Delta Air Lines Inc.,11,4,825.0,2.0,112.0,9566,7.0,-8.0,17.0
DL,Delta Air Lines Inc.,11,5,827.0,4.0,112.0,10001,7.0,-6.0,17.0
DL,Delta Air Lines Inc.,11,6,852.0,1.0,115.0,8363,7.0,-9.0,16.0
DL,Delta Air Lines Inc.,11,7,840.0,4.0,114.0,10183,7.0,-7.0,16.0
DL,Delta Air Lines Inc.,12,1,878.0,16.0,122.0,9779,8.0,9.0,18.0
DL,Delta Air Lines Inc.,12,2,866.0,8.0,120.0,9620,7.0,1.0,18.0
DL,Delta Air Lines Inc.,12,3,870.0,5.0,120.0,9707,7.0,-3.0,18.0
DL,Delta Air Lines Inc.,12,4,867.0,8.0,120.0,12431,7.0,1.0,18.0
DL,Delta Air Lines Inc.,12,5,870.0,9.0,120.0,12444,7.0,1.0,19.0
DL,Delta Air Lines Inc.,12,6,932.0,19.0,127.0,8914,7.0,11.0,18.0
DL,Delta Air Lines Inc.,12,7,886.0,20.0,122.0,8466,8.0,14.0,19.0
EV,ExpressJet Airlines Inc.,1,1,440.0,9.0,70.0,5743,8.0,5.0,18.0
EV,ExpressJet Airlines Inc.,1,2,435.0,7.0,69.0,5392,7.0,2.0,18.0
EV,ExpressJet Airlines Inc.,1,3,437.0,4.0,70.0,5606,7.0,-1.0,18.0
EV,ExpressJet Airlines Inc.,1,4,443.0,5.0,71.0,5922,7.0,1.0,17.0
EV,ExpressJet Airlines Inc.,1,5,445.0,8.0,71.0,6799,7.0,5.0,18.0
EV,ExpressJet Airlines Inc.,1,6,441.0,3.0,70.0,4792,7.0,-2.0,16.0
EV,ExpressJet Airlines Inc.,1,7,448.0,6.0,71.0,6194,7.0,1.0,17.0
EV,ExpressJet Airlines Inc.,2,1,440.0,9.0,71.0,7137,8.0,5.0,18.0
EV,ExpressJet Airlines Inc.,2,2,437.0,16.0,71.0,5446,7.0,14.0,19.0
EV,ExpressJet Airlines Inc.,2,3,434.0,9.0,70.0,5358,7.0,5.0,18.0
EV,ExpressJet Airlines Inc.,2,4,443.0,8.0,71.0,5874,7.0,3.0,18.0
EV,ExpressJet Airlines Inc.,2,5,441.0,10.0,70.0,5784,7.0,5.0,17.0
EV,ExpressJet Airlines Inc.,2,6,439.0,1.0,70.0,3873,7.0,-6.0,16.0
EV,ExpressJet Airlines Inc.,2,7,444.0,3.0,71.0,4869,7.0,-3.0,16.0
EV,ExpressJet Airlines Inc.,3,1,435.0,5.0,69.0,5993,7.0,-0.0,16.0
EV,ExpressJet Airlines Inc.,3,2,430.0,6.0,69.0,6944,7.0,2.0,17.0
EV,ExpressJet Airlines Inc.,3,3,429.0,7.0,70.0,7057,7.0,4.0,17.0
EV,ExpressJet Airlines Inc.,3,4,434.0,12.0,71.0,7441,8.0,11.0,18.0
EV,ExpressJet Airlines Inc.,3,5,437.0,7.0,70.0,6031,7.0,3.0,17.0
EV,ExpressJet Airlines Inc.,3,6,454.0,2.0,72.0,4697,7.0,-3.0,16.0
EV,ExpressJet Airlines Inc.,3,7,444.0,3.0,71.0,5667,7.0,-1.0,16.0
EV,ExpressJet Airlines Inc.,4,1,441.0,4.0,70.0,5562,7.0,-1.0,16.0
EV,ExpressJet Airlines Inc.,4,2,436.0,3.0,70.0,5504,7.0,-1.0,17.0
EV,ExpressJet Airlines Inc.,4,3,438.0,-0.0,71.0,5540,7.0,-5.0,17.0
EV,ExpressJet Airlines Inc.,4,4,440.0,5.0,71.0,5746,7.0,1.0,17.0
EV,ExpressJet Airlines Inc.,4,5,441.0,7.0,71.0,7250,7.0,4.0,17.0
EV,ExpressJet Airlines Inc.,4,6,437.0,4.0,70.0,5146,7.0,-0.0,16.0
EV,ExpressJet Airlines Inc.,4,7,433.0,5.0,69.0,5312,7.0,0.0,16.0
EV,ExpressJet Airlines Inc.,5,1,436.0,5.0,70.0,7009,7.0,1.0,17.0
EV,ExpressJet Airlines Inc.,5,2,432.0,5.0,69.0,6955,7.0,1.0,17.0
EV,ExpressJet Airlines Inc.,5,3,432.0,6.0,69.0,5585,7.0,3.0,17.0
EV,ExpressJet Airlines Inc.,5,4,434.0,10.0,70.0,5700,7.0,9.0,19.0
EV,ExpressJet Airlines Inc.,5,5,432.0,8.0,69.0,5638,7.0,4.0,17.0
EV,ExpressJet Airlines Inc.,5,6,437.0,2.0,69.0,3760,7.0,-3.0,15.0
EV,ExpressJet Airlines Inc.,5,7,437.0,6.0,70.0,6062,7.0,3.0,17.0
EV,ExpressJet Airlines Inc.,6,1,438.0,9.0,69.0,5926,7.0,5.0,18.0
EV,ExpressJet Airlines Inc.,6,2,434.0,18.0,69.0,5520,8.0,15.0,18.0
EV,ExpressJet Airlines Inc.,6,3,433.0,8.0,69.0,7139,7.0,4.0,18.0
EV,ExpressJet Airlines Inc.,6,4,436.0,15.0,69.0,7112,8.0,13.0,19.0
EV,ExpressJet Airlines Inc.,6,5,439.0,11.0,70.0,5894,8.0,7.0,18.0
EV,ExpressJet Airlines Inc.,6,6,435.0,5.0,69.0,4585,7.0,-0.0,16.0
EV,ExpressJet Airlines Inc.,6,7,438.0,14.0,69.0,5355,7.0,11.0,18.0
EV,ExpressJet Airlines Inc.,7,1,430.0,15.0,68.0,5088,7.0,11.0,18.0
EV,ExpressJet Airlines Inc.,7,2,431.0,14.0,69.0,5844,8.0,11.0,18.0
EV,ExpressJet Airlines Inc.,7,3,436.0,23.0,69.0,5721,7.0,21.0,19.0
EV,ExpressJet Airlines Inc.,7,4,434.0,26.0,69.0,5542,8.0,24.0,18.0
EV,ExpressJet Airlines Inc.,7,5,435.0,21.0,69.0,7117,8.0,17.0,18.0
EV,ExpressJet Airlines Inc.,7,6,429.0,12.0,68.0,5465,8.0,8.0,17.0
EV,ExpressJet Airlines Inc.,7,7,440.0,13.0,69.0,6245,7.0,8.0,17.0
EV,ExpressJet Airlines Inc.,8,1,442.0,25.0,70.0,6997,8.0,22.0,18.0
EV,ExpressJet Airlines Inc.,8,2,437.0,11.0,69.0,6858,7.0,7.0,17.0
EV,ExpressJet Airlines Inc.,8,3,440.0,7.0,70.0,7023,7.0,3.0,17.0
EV,ExpressJet Airlines Inc.,8,4,439.0,13.0,70.0,5769,8.0,10.0,18.0
EV,ExpressJet Airlines Inc.,8,5,438.0,17.0,70.0,5576,8.0,15.0,18.0
EV,ExpressJet Airlines Inc.,8,6,433.0,14.0,69.0,4083,7.0,11.0,17.0
EV,ExpressJet Airlines Inc.,8,7,442.0,17.0,70.0,5166,8.0,13.0,18.0
EV,ExpressJet Airlines Inc.,9,1,451.0,7.0,71.0,5489,7.0,2.0,17.0
EV,ExpressJet Airlines Inc.,9,2,446.0,3.0,70.0,5383,7.0,-2.0,17.0
EV,ExpressJet Airlines Inc.,9,3,445.0,10.0,70.0,5196,7.0,7.0,18.0
EV,ExpressJet Airlines Inc.,9,4,450.0,10.0,71.0,6965,7.0,6.0,18.0
EV,ExpressJet Airlines Inc.,9,5,450.0,11.0,71.0,6981,7.0,7.0,17.0
EV,ExpressJet Airlines Inc.,9,6,446.0,6.0,70.0,3750,7.0,1.0,16.0
EV,ExpressJet Airlines Inc.,9,7,451.0,4.0,71.0,4787,7.0,-0.0,17.0
EV,ExpressJet Airlines Inc.,10,1,449.0,6.0,70.0,6748,7.0,0.0,16.0
EV,ExpressJet Airlines Inc.,10,2,448.0,2.0,70.0,5197,7.0,-3.0,17.0
EV,ExpressJet Airlines Inc.,10,3,445.0,3.0,70.0,5413,7.0,-2.0,17.0
EV,ExpressJet Airlines Inc.,10,4,448.0,9.0,71.0,5484,7.0,6.0,18.0
EV,ExpressJet Airlines Inc.,10,5,446.0,11.0,70.0,5488,7.0,7.0,17.0
EV,ExpressJet Airlines Inc.,10,6,432.0,3.0,68.0,4588,7.0,-3.0,16.0
EV,ExpressJet Airlines Inc.,10,7,445.0,10.0,70.0,6338,7.0,5.0,17.0
EV,ExpressJet Airlines Inc.,11,1,450.0,10.0,71.0,5034,7.0,5.0,18.0
EV,ExpressJet Airlines Inc.,11,2,444.0,9.0,70.0,6005,7.0,3.0,17.0
EV,ExpressJet Airlines Inc.,11,3,446.0,7.0,71.0,6466,7.0,3.0,18.0
EV,ExpressJet Airlines Inc.,11,4,448.0,4.0,70.0,4693,7.0,-3.0,17.0
EV,ExpressJet Airlines Inc.,11,5,447.0,22.0,70.0,4871,7.0,17.0,18.0
EV,ExpressJet Airlines Inc.,11,6,435.0,3.0,69.0,3968,7.0,-4.0,16.0
EV,ExpressJet Airlines Inc.,11,7,451.0,8.0,71.0,5012,7.0,2.0,17.0
EV,ExpressJet Airlines Inc.,12,1,453.0,21.0,73.0,5053,8.0,18.0,18.0
EV,ExpressJet Airlines Inc.,12,2,448.0,15.0,72.0,4932,7.0,12.0,18.0
EV,ExpressJet Airlines Inc.,12,3,451.0,11.0,72.0,5039,7.0,6.0,18.0
EV,ExpressJet Airlines Inc.,12,4,451.0,13.0,72.0,6407,7.0,10.0,18.0
EV,ExpressJet Airlines Inc.,12,5,455.0,13.0,73.0,6422,8.0,9.0,18.0
EV,ExpressJet Airlines Inc.,12,6,444.0,17.0,71.0,4412,8.0,14.0,18.0
EV,ExpressJet Airlines Inc.,12,7,452.0,23.0,73.0,3990,8.0,22.0,19.0
F9,Frontier Airlines Inc.,1,1,1032.0,4.0,138.0,942,10.0,-4.0,16.0
F9,Frontier Airlines Inc.,1,2,1049.0,7.0,140.0,883,9.0,-3.0,16.0
F9,Frontier Airlines Inc.,1,3,1052.0,7.0,141.0,876,9.0,-2.0,16.0
F9,Frontier Airlines Inc.,1,4,1038.0,9.0,139.0,912,9.0,0.0,16.0
F9,Frontier Airlines Inc.,1,5,1036.0,7.0,139.0,1139,10.0,1.0,17.0
F9,Frontier Airlines Inc.,1,6,1037.0,5.0,138.0,1121,10.0,-4.0,16.0
F9,Frontier Airlines Inc.,1,7,1030.0,7.0,137.0,1145,10.0,-1.0,17.0
F9,Frontier Airlines Inc.,2,1,1047.0,6.0,140.0,1082,10.0,-5.0,16.0
F9,Frontier Airlines Inc.,2,2,1046.0,12.0,141.0,879,10.0,3.0,17.0
F9,Frontier Airlines Inc.,2,3,1046.0,9.0,140.0,885,9.0,-1.0,16.0
F9,Frontier Airlines Inc.,2,4,1037.0,4.0,139.0,928,10.0,-7.0,16.0
F9,Frontier Airlines Inc.,2,5,1039.0,6.0,139.0,925,9.0,-6.0,16.0
F9,Frontier Airlines Inc.,2,6,1036.0,1.0,138.0,915,9.0,-13.0,15.0
F9,Frontier Airlines Inc.,2,7,1039.0,3.0,138.0,912,10.0,-10.0,15.0
F9,Frontier Airlines Inc.,3,1,1060.0,7.0,142.0,928,10.0,-3.0,16.0
F9,Frontier Airlines Inc.,3,2,1062.0,10.0,143.0,1091,9.0,-0.0,16.0
F9,Frontier Airlines Inc.,3,3,1058.0,13.0,142.0,1003,10.0,3.0,15.0
F9,Frontier Airlines Inc.,3,4,1054.0,22.0,142.0,1092,10.0,15.0,18.0
F9,Frontier Airlines Inc.,3,5,1055.0,23.0,141.0,922,9.0,14.0,17.0
F9,Frontier Airlines Inc.,3,6,1054.0,18.0,140.0,911,10.0,9.0,17.0
F9,Frontier Airlines Inc.,3,7,1060.0,7.0,141.0,911,10.0,-3.0,16.0
F9,Frontier Airlines Inc.,4,1,1036.0,1.0,138.0,945,10.0,-9.0,15.0
F9,Frontier Airlines Inc.,4,2,1041.0,1.0,140.0,918,9.0,-6.0,16.0
F9,Frontier Airlines Inc.,4,3,1031.0,5.0,138.0,946,10.0,-3.0,16.0
F9,Frontier Airlines Inc.,4,4,1028.0,2.0,138.0,966,10.0,-5.0,16.0
F9,Frontier Airlines Inc.,4,5,1034.0,6.0,139.0,1194,10.0,0.0,17.0
F9,Frontier Airlines Inc.,4,6,1030.0,10.0,138.0,1163,9.0,4.0,18.0
F9,Frontier Airlines Inc.,4,7,1038.0,4.0,139.0,953,10.0,-5.0,16.0
F9,Frontier Airlines Inc.,5,1,1010.0,7.0,136.0,1274,10.0,2.0,16.0
F9,Frontier Airlines Inc.,5,2,1014.0,10.0,137.0,1240,10.0,5.0,16.0
F9,Frontier Airlines Inc.,5,3,1011.0,8.0,136.0,1022,10.0,2.0,16.0
F9,Frontier Airlines Inc.,5,4,1012.0,16.0,137.0,1018,11.0,14.0,16.0
F9,Frontier Airlines Inc.,5,5,1011.0,19.0,135.0,1039,10.0,12.0,15.0
F9,Frontier Airlines Inc.,5,6,1012.0,10.0,135.0,1033,10.0,3.0,15.0
F9,Frontier Airlines Inc.,5,7,1010.0,6.0,135.0,1251,10.0,-0.0,15.0
F9,Frontier Airlines Inc.,6,1,1019.0,13.0,136.0,1080,12.0,11.0,16.0
F9,Frontier Airlines Inc.,6,2,1018.0,17.0,136.0,1051,12.0,15.0,17.0
F9,Frontier Airlines Inc.,6,3,1019.0,13.0,135.0,1353,11.0,9.0,16.0
F9,Frontier Airlines Inc.,6,4,1011.0,13.0,135.0,1353,11.0,11.0,17.0
F9,Frontier Airlines Inc.,6,5,1020.0,6.0,135.0,1080,11.0,2.0,16.0
F9,Frontier Airlines Inc.,6,6,1017.0,9.0,134.0,1082,12.0,3.0,15.0
F9,Frontier Airlines Inc.,6,7,1013.0,14.0,134.0,1081,11.0,10.0,16.0
F9,Frontier Airlines Inc.,7,1,1018.0,18.0,135.0,1135,11.0,18.0,17.0
F9,Frontier Airlines Inc.,7,2,1020.0,15.0,135.0,1149,11.0,15.0,17.0
F9,Frontier Airlines Inc.,7,3,1023.0,18.0,135.0,1169,12.0,18.0,17.0
F9,Frontier Airlines Inc.,7,4,1018.0,26.0,134.0,1167,12.0,26.0,17.0
F9,Frontier Airlines Inc.,7,5,1022.0,31.0,136.0,1445,12.0,32.0,17.0
F9,Frontier Airlines Inc.,7,6,1020.0,24.0,135.0,1453,13.0,24.0,17.0
F9,Frontier Airlines Inc.,7,7,1011.0,23.0,134.0,1451,12.0,23.0,16.0
F9,Frontier Airlines Inc.,8,1,1022.0,17.0,135.0,1432,12.0,15.0,17.0
F9,Frontier Airlines Inc.,8,2,1027.0,17.0,136.0,1427,12.0,17.0,17.0
F9,Frontier Airlines Inc.,8,3,1023.0,12.0,135.0,1419,12.0,11.0,17.0
F9,Frontier Airlines Inc.,8,4,1022.0,16.0,135.0,1162,12.0,16.0,17.0
F9,Frontier Airlines Inc.,8,5,1024.0,19.0,136.0,1150,12.0,18.0,17.0
F9,Frontier Airlines Inc.,8,6,1019.0,26.0,135.0,1146,12.0,24.0,16.0
F9,Frontier Airlines Inc.,8,7,1014.0,24.0,134.0,1151,13.0,22.0,16.0
F9,Frontier Airlines Inc.,9,1,1034.0,15.0,136.0,1147,12.0,11.0,16.0
F9,Frontier Airlines Inc.,9,2,1047.0,11.0,137.0,1157,12.0,7.0,15.0
F9,Frontier Airlines Inc.,9,3,1039.0,17.0,137.0,1154,13.0,15.0,17.0
F9,Frontier Airlines Inc.,9,4,1034.0,18.0,136.0,1422,12.0,15.0,16.0
F9,Frontier Airlines Inc.,9,5,1038.0,17.0,137.0,1427,11.0,13.0,16.0
F9,Frontier Airlines Inc.,9,6,1030.0,17.0,136.0,1134,13.0,14.0,15.0
F9,Frontier Airlines Inc.,9,7,1033.0,18.0,135.0,1152,11.0,13.0,15.0
F9,Frontier Airlines Inc.,10,1,1053.0,11.0,139.0,1368,11.0,6.0,16.0
F9,Frontier Airlines Inc.,10,2,1051.0,9.0,139.0,1127,11.0,5.0,15.0
F9,Frontier Airlines Inc.,10,3,1040.0,6.0,138.0,1129,11.0,2.0,16.0
F9,Frontier Airlines Inc.,10,4,1047.0,15.0,139.0,1092,11.0,12.0,16.0
F9,Frontier Airlines Inc.,10,5,1045.0,13.0,138.0,1087,11.0,8.0,16.0
F9,Frontier Airlines Inc.,10,6,1032.0,8.0,136.0,1376,11.0,2.0,15.0
F9,Frontier Airlines Inc.,10,7,1048.0,9.0,138.0,1389,12.0,5.0,15.0
F9,Frontier Airlines Inc.,11,1,1100.0,5.0,144.0,1051,11.0,-4.0,15.0
F9,Frontier Airlines Inc.,11,2,1098.0,6.0,145.0,1265,11.0,-2.0,15.0
F9,Frontier Airlines Inc.,11,3,1098.0,2.0,145.0,1282,11.0,-6.0,15.0
F9,Frontier Airlines Inc.,11,4,1092.0,3.0,143.0,1025,11.0,-5.0,16.0
F9,Frontier Airlines Inc.,11,5,1107.0,4.0,145.0,1014,11.0,-5.0,15.0
F9,Frontier Airlines Inc.,11,6,1102.0,3.0,144.0,1018,11.0,-6.0,15.0
F9,Frontier Airlines Inc.,11,7,1091.0,3.0,143.0,1038,11.0,-5.0,15.0
F9,Frontier Airlines Inc.,12,1,1110.0,30.0,149.0,938,12.0,26.0,16.0
F9,Frontier Airlines Inc.,12,2,1099.0,23.0,147.0,968,11.0,20.0,17.0
F9,Frontier Airlines Inc.,12,3,1100.0,30.0,147.0,1043,11.0,25.0,17.0
F9,Frontier Airlines Inc.,12,4,1097.0,24.0,146.0,1301,11.0,19.0,16.0
F9,Frontier Airlines Inc.,12,5,1108.0,23.0,147.0,1321,13.0,21.0,17.0
F9,Frontier Airlines Inc.,12,6,1111.0,28.0,147.0,1172,14.0,25.0,17.0
F9,Frontier Airlines Inc.,12,7,1100.0,31.0,147.0,895,13.0,29.0,17.0
HA,Hawaiian Airlines Inc.,1,1,649.0,-3.0,88.0,809,7.0,-3.0,11.0
HA,Hawaiian Airlines Inc.,1,2,620.0,-3.0,85.0,785,7.0,-3.0,11.0
HA,Hawaiian Airlines Inc.,1,3,642.0,-1.0,87.0,804,7.0,-1.0,11.0
HA,Hawaiian Airlines Inc.,1,4,621.0,-1.0,84.0,795,7.0,-1.0,11.0
HA,Hawaiian Airlines Inc.,1,5,649.0,-2.0,87.0,1070,7.0,-2.0,11.0
HA,Hawaiian Airlines Inc.,1,6,645.0,-0.0,87.0,997,7.0,-0.0,11.0
HA,Hawaiian Airlines Inc.,1,7,669.0,-2.0,90.0,1010,7.0,-2.0,11.0
HA,Hawaiian Airlines Inc.,2,1,640.0,-2.0,87.0,1007,7.0,-3.0,11.0
HA,Hawaiian Airlines Inc.,2,2,612.0,-2.0,83.0,783,7.0,-2.0,11.0
HA,Hawaiian Airlines Inc.,2,3,641.0,0.0,87.0,799,7.0,1.0,12.0
HA,Hawaiian Airlines Inc.,2,4,618.0,0.0,84.0,794,7.0,-1.0,11.0
HA,Hawaiian Airlines Inc.,2,5,648.0,1.0,87.0,855,7.0,0.0,11.0
HA,Hawaiian Airlines Inc.,2,6,643.0,-0.0,87.0,797,7.0,-1.0,11.0
HA,Hawaiian Airlines Inc.,2,7,667.0,-2.0,90.0,804,7.0,-3.0,11.0
HA,Hawaiian Airlines Inc.,3,1,648.0,-1.0,87.0,815,7.0,-2.0,11.0
HA,Hawaiian Airlines Inc.,3,2,618.0,-0.0,84.0,995,8.0,0.0,11.0
HA,Hawaiian Airlines Inc.,3,3,642.0,-0.0,87.0,1011,7.0,-0.0,11.0
HA,Hawaiian Airlines Inc.,3,4,615.0,3.0,84.0,1008,7.0,2.0,11.0
HA,Hawaiian Airlines Inc.,3,5,640.0,0.0,87.0,870,7.0,0.0,11.0
HA,Hawaiian Airlines Inc.,3,6,634.0,-1.0,86.0,811,7.0,-2.0,11.0
HA,Hawaiian Airlines Inc.,3,7,643.0,-1.0,87.0,831,7.0,-2.0,11.0
HA,Hawaiian Airlines Inc.,4,1,636.0,-0.0,86.0,817,7.0,-1.0,11.0
HA,Hawaiian Airlines Inc.,4,2,606.0,-4.0,82.0,805,7.0,-3.0,11.0
HA,Hawaiian Airlines Inc.,4,3,635.0,-3.0,86.0,815,7.0,-2.0,11.0
HA,Hawaiian Airlines Inc.,4,4,608.0,-2.0,82.0,812,7.0,-2.0,11.0
HA,Hawaiian Airlines Inc.,4,5,631.0,1.0,84.0,1107,7.0,0.0,11.0
HA,Hawaiian Airlines Inc.,4,6,626.0,-2.0,84.0,1033,7.0,-3.0,11.0
HA,Hawaiian Airlines Inc.,4,7,647.0,-2.0,87.0,839,7.0,-2.0,11.0
HA,Hawaiian Airlines Inc.,5,1,649.0,-1.0,87.0,1032,7.0,-2.0,11.0
HA,Hawaiian Airlines Inc.,5,2,624.0,-1.0,84.0,1005,7.0,-1.0,11.0
HA,Hawaiian Airlines Inc.,5,3,647.0,1.0,87.0,811,7.0,1.0,11.0
HA,Hawaiian Airlines Inc.,5,4,614.0,1.0,82.0,812,7.0,1.0,11.0
HA,Hawaiian Airlines Inc.,5,5,634.0,2.0,85.0,880,7.0,2.0,11.0
HA,Hawaiian Airlines Inc.,5,6,632.0,-2.0,85.0,824,7.0,-2.0,11.0
HA,Hawaiian Airlines Inc.,5,7,651.0,-1.0,87.0,1044,7.0,-1.0,11.0
HA,Hawaiian Airlines Inc.,6,1,666.0,-1.0,89.0,889,7.0,-2.0,11.0
HA,Hawaiian Airlines Inc.,6,2,655.0,-2.0,87.0,868,7.0,-1.0,11.0
HA,Hawaiian Airlines Inc.,6,3,677.0,1.0,90.0,1115,7.0,1.0,11.0
HA,Hawaiian Airlines Inc.,6,4,646.0,3.0,86.0,1106,7.0,4.0,11.0
HA,Hawaiian Airlines Inc.,6,5,663.0,0.0,88.0,940,7.0,1.0,11.0
HA,Hawaiian Airlines Inc.,6,6,646.0,-1.0,87.0,888,7.0,-1.0,11.0
HA,Hawaiian Airlines Inc.,6,7,658.0,-1.0,87.0,908,7.0,-1.0,11.0
HA,Hawaiian Airlines Inc.,7,1,668.0,-1.0,88.0,895,7.0,-1.0,12.0
HA,Hawaiian Airlines Inc.,7,2,654.0,0.0,87.0,871,7.0,-0.0,12.0
HA,Hawaiian Airlines Inc.,7,3,682.0,4.0,90.0,906,7.0,4.0,12.0
HA,Hawaiian Airlines Inc.,7,4,644.0,1.0,86.0,897,7.0,2.0,12.0
HA,Hawaiian Airlines Inc.,7,5,654.0,0.0,87.0,1181,7.0,0.0,11.0
HA,Hawaiian Airlines Inc.,7,6,641.0,3.0,85.0,1107,7.0,3.0,11.0
HA,Hawaiian Airlines Inc.,7,7,672.0,7.0,89.0,1133,8.0,8.0,11.0
HA,Hawaiian Airlines Inc.,8,1,662.0,-1.0,88.0,1124,7.0,-1.0,12.0
HA,Hawaiian Airlines Inc.,8,2,638.0,-1.0,85.0,1098,7.0,-1.0,12.0
HA,Hawaiian Airlines Inc.,8,3,660.0,-2.0,88.0,1120,7.0,-2.0,12.0
HA,Hawaiian Airlines Inc.,8,4,634.0,-1.0,84.0,888,7.0,-1.0,12.0
HA,Hawaiian Airlines Inc.,8,5,639.0,-3.0,85.0,961,7.0,-2.0,12.0
HA,Hawaiian Airlines Inc.,8,6,634.0,0.0,84.0,901,8.0,0.0,11.0
HA,Hawaiian Airlines Inc.,8,7,654.0,-1.0,87.0,936,7.0,-2.0,11.0
HA,Hawaiian Airlines Inc.,9,1,643.0,-1.0,86.0,817,7.0,-1.0,11.0
HA,Hawaiian Airlines Inc.,9,2,628.0,-2.0,84.0,784,7.0,-2.0,11.0
HA,Hawaiian Airlines Inc.,9,3,642.0,0.0,86.0,806,7.0,0.0,12.0
HA,Hawaiian Airlines Inc.,9,4,624.0,-0.0,83.0,1014,7.0,-0.0,11.0
HA,Hawaiian Airlines Inc.,9,5,625.0,-0.0,84.0,1091,7.0,0.0,11.0
HA,Hawaiian Airlines Inc.,9,6,610.0,-0.0,83.0,819,7.0,1.0,11.0
HA,Hawaiian Airlines Inc.,9,7,638.0,-3.0,85.0,834,7.0,-4.0,11.0
HA,Hawaiian Airlines Inc.,10,1,629.0,-2.0,84.0,994,7.0,-3.0,11.0
HA,Hawaiian Airlines Inc.,10,2,622.0,-3.0,83.0,774,7.0,-3.0,11.0
HA,Hawaiian Airlines Inc.,10,3,647.0,-1.0,87.0,799,7.0,-1.0,11.0
HA,Hawaiian Airlines Inc.,10,4,623.0,-1.0,84.0,789,7.0,-2.0,11.0
HA,Hawaiian Airlines Inc.,10,5,633.0,4.0,85.0,854,7.0,4.0,11.0
HA,Hawaiian Airlines Inc.,10,6,620.0,0.0,83.0,986,7.0,1.0,11.0
HA,Hawaiian Airlines Inc.,10,7,632.0,0.0,84.0,1023,7.0,-1.0,11.0
HA,Hawaiian Airlines Inc.,11,1,612.0,-1.0,83.0,805,7.0,0.0,11.0
HA,Hawaiian Airlines Inc.,11,2,605.0,-1.0,82.0,979,7.0,-1.0,11.0
HA,Hawaiian Airlines Inc.,11,3,641.0,-0.0,86.0,1007,7.0,1.0,11.0
HA,Hawaiian Airlines Inc.,11,4,617.0,-0.0,83.0,800,7.0,-1.0,11.0
HA,Hawaiian Airlines Inc.,11,5,634.0,0.0,85.0,860,7.0,0.0,11.0
HA,Hawaiian Airlines Inc.,11,6,624.0,-2.0,84.0,787,7.0,-1.0,11.0
HA,Hawaiian Airlines Inc.,11,7,632.0,-0.0,84.0,819,7.0,-1.0,11.0
HA,Hawaiian Airlines Inc.,12,1,640.0,2.0,87.0,817,7.0,3.0,11.0
HA,Hawaiian Airlines Inc.,12,2,628.0,1.0,84.0,793,7.0,1.0,11.0
HA,Hawaiian Airlines Inc.,12,3,665.0,8.0,89.0,819,7.0,8.0,12.0
HA,Hawaiian Airlines Inc.,12,4,623.0,4.0,85.0,1016,7.0,6.0,11.0
HA,Hawaiian Airlines Inc.,12,5,650.0,4.0,88.0,1080,7.0,6.0,12.0
HA,Hawaiian Airlines Inc.,12,6,649.0,5.0,89.0,988,7.0,7.0,11.0
HA,Hawaiian Airlines Inc.,12,7,655.0,2.0,89.0,815,7.0,4.0,11.0
NK,Spirit Air Lines,1,1,999.0,12.0,135.0,1409,10.0,11.0,15.0
NK,Spirit Air Lines,1,2,1003.0,12.0,136.0,1386,9.0,11.0,14.0
NK,Spirit Air Lines,1,3,996.0,9.0,135.0,1411,9.0,8.0,15.0
NK,Spirit Air Lines,1,4,1000.0,8.0,136.0,1409,9.0,7.0,15.0
NK,Spirit Air Lines,1,5,999.0,22.0,135.0,1748,10.0,22.0,15.0
NK,Spirit Air Lines,1,6,999.0,16.0,134.0,1650,9.0,14.0,14.0
NK,Spirit Air Lines,1,7,1004.0,18.0,135.0,1716,9.0,17.0,15.0
NK,Spirit Air Lines,2,1,996.0,17.0,134.0,1717,9.0,16.0,15.0
NK,Spirit Air Lines,2,2,995.0,28.0,135.0,1335,9.0,28.0,15.0
NK,Spirit Air Lines,2,3,995.0,33.0,135.0,1333,9.0,33.0,16.0
NK,Spirit Air Lines,2,4,994.0,27.0,134.0,1379,10.0,27.0,15.0
NK,Spirit Air Lines,2,5,993.0,20.0,134.0,1376,9.0,18.0,14.0
NK,Spirit Air Lines,2,6,989.0,13.0,133.0,1404,9.0,8.0,13.0
NK,Spirit Air Lines,2,7,997.0,11.0,134.0,1394,9.0,7.0,14.0
NK,Spirit Air Lines,3,1,993.0,13.0,133.0,1439,9.0,11.0,14.0
NK,Spirit Air Lines,3,2,993.0,21.0,134.0,1747,9.0,19.0,15.0
NK,Spirit Air Lines,3,3,997.0,21.0,134.0,1754,9.0,19.0,15.0
NK,Spirit Air Lines,3,4,993.0,24.0,135.0,1780,10.0,25.0,16.0
NK,Spirit Air Lines,3,5,993.0,22.0,134.0,1455,9.0,20.0,16.0
NK,Spirit Air Lines,3,6,994.0,18.0,133.0,1433,9.0,16.0,15.0
NK,Spirit Air Lines,3,7,991.0,11.0,133.0,1444,9.0,8.0,14.0
NK,Spirit Air Lines,4,1,975.0,11.0,130.0,1472,10.0,8.0,14.0
NK,Spirit Air Lines,4,2,977.0,7.0,131.0,1475,9.0,4.0,14.0
NK,Spirit Air Lines,4,3,977.0,9.0,131.0,1491,10.0,7.0,14.0
NK,Spirit Air Lines,4,4,974.0,11.0,131.0,1479,9.0,9.0,14.0
NK,Spirit Air Lines,4,5,975.0,16.0,132.0,1854,10.0,15.0,15.0
NK,Spirit Air Lines,4,6,969.0,15.0,130.0,1825,10.0,11.0,14.0
NK,Spirit Air Lines,4,7,978.0,13.0,130.0,1470,10.0,9.0,14.0
NK,Spirit Air Lines,5,1,965.0,11.0,130.0,1910,9.0,7.0,15.0
NK,Spirit Air Lines,5,2,966.0,11.0,130.0,1884,10.0,8.0,15.0
NK,Spirit Air Lines,5,3,960.0,10.0,129.0,1525,10.0,8.0,15.0
NK,Spirit Air Lines,5,4,967.0,8.0,130.0,1531,10.0,6.0,15.0
NK,Spirit Air Lines,5,5,963.0,12.0,129.0,1517,9.0,9.0,15.0
NK,Spirit Air Lines,5,6,960.0,7.0,128.0,1535,9.0,1.0,13.0
NK,Spirit Air Lines,5,7,968.0,13.0,130.0,1912,10.0,9.0,14.0
NK,Spirit Air Lines,6,1,965.0,8.0,128.0,1522,9.0,5.0,15.0
NK,Spirit Air Lines,6,2,964.0,15.0,129.0,1493,10.0,13.0,15.0
NK,Spirit Air Lines,6,3,960.0,9.0,128.0,1904,9.0,6.0,15.0
NK,Spirit Air Lines,6,4,967.0,15.0,129.0,1849,9.0,14.0,17.0
NK,Spirit Air Lines,6,5,963.0,14.0,129.0,1537,10.0,12.0,16.0
NK,Spirit Air Lines,6,6,961.0,9.0,127.0,1506,9.0,5.0,15.0
NK,Spirit Air Lines,6,7,964.0,10.0,128.0,1503,10.0,6.0,15.0
NK,Spirit Air Lines,7,1,966.0,13.0,128.0,1513,10.0,9.0,15.0
NK,Spirit Air Lines,7,2,966.0,12.0,128.0,1503,10.0,8.0,16.0
NK,Spirit Air Lines,7,3,958.0,21.0,127.0,1527,10.0,19.0,16.0
NK,Spirit Air Lines,7,4,968.0,19.0,129.0,1492,10.0,17.0,16.0
NK,Spirit Air Lines,7,5,970.0,18.0,129.0,1886,10.0,15.0,16.0
NK,Spirit Air Lines,7,6,959.0,13.0,127.0,1886,10.0,9.0,15.0
NK,Spirit Air Lines,7,7,967.0,9.0,128.0,1903,9.0,4.0,15.0
NK,Spirit Air Lines,8,1,965.0,17.0,128.0,1906,10.0,13.0,15.0
NK,Spirit Air Lines,8,2,966.0,15.0,128.0,1902,9.0,11.0,15.0
NK,Spirit Air Lines,8,3,959.0,16.0,128.0,1920,10.0,13.0,15.0
NK,Spirit Air Lines,8,4,968.0,20.0,129.0,1526,10.0,18.0,16.0
NK,Spirit Air Lines,8,5,959.0,21.0,127.0,1510,10.0,18.0,16.0
NK,Spirit Air Lines,8,6,957.0,22.0,127.0,1494,9.0,17.0,15.0
NK,Spirit Air Lines,8,7,969.0,14.0,129.0,1522,9.0,10.0,15.0
NK,Spirit Air Lines,9,1,968.0,4.0,129.0,1508,9.0,1.0,15.0
NK,Spirit Air Lines,9,2,985.0,1.0,132.0,1414,9.0,-4.0,14.0
NK,Spirit Air Lines,9,3,982.0,5.0,131.0,1405,9.0,2.0,15.0
NK,Spirit Air Lines,9,4,973.0,6.0,130.0,1877,9.0,3.0,15.0
NK,Spirit Air Lines,9,5,969.0,4.0,130.0,1876,9.0,0.0,15.0
NK,Spirit Air Lines,9,6,969.0,2.0,129.0,1504,9.0,-4.0,13.0
NK,Spirit Air Lines,9,7,971.0,10.0,129.0,1505,10.0,6.0,15.0
NK,Spirit Air Lines,10,1,971.0,4.0,130.0,1898,9.0,0.0,15.0
NK,Spirit Air Lines,10,2,993.0,-1.0,133.0,1388,9.0,-6.0,14.0
NK,Spirit Air Lines,10,3,989.0,2.0,133.0,1380,9.0,-2.0,15.0
NK,Spirit Air Lines,10,4,975.0,8.0,131.0,1410,9.0,6.0,15.0
NK,Spirit Air Lines,10,5,986.0,11.0,132.0,1407,9.0,8.0,15.0
NK,Spirit Air Lines,10,6,978.0,5.0,130.0,1838,9.0,-2.0,13.0
NK,Spirit Air Lines,10,7,973.0,9.0,130.0,1871,9.0,5.0,14.0
NK,Spirit Air Lines,11,1,989.0,7.0,133.0,1568,9.0,4.0,14.0
NK,Spirit Air Lines,11,2,994.0,5.0,134.0,1879,9.0,0.0,14.0
NK,Spirit Air Lines,11,3,989.0,5.0,133.0,1876,9.0,2.0,14.0
NK,Spirit Air Lines,11,4,987.0,0.0,132.0,1544,9.0,-5.0,14.0
NK,Spirit Air Lines,11,5,989.0,3.0,132.0,1570,9.0,-2.0,14.0
NK,Spirit Air Lines,11,6,988.0,-1.0,132.0,1561,9.0,-7.0,13.0
NK,Spirit Air Lines,11,7,991.0,6.0,133.0,1564,9.0,2.0,14.0
NK,Spirit Air Lines,12,1,996.0,21.0,136.0,1560,9.0,20.0,15.0
NK,Spirit Air Lines,12,2,998.0,10.0,136.0,1577,9.0,8.0,15.0
NK,Spirit Air Lines,12,3,998.0,8.0,135.0,1588,9.0,5.0,15.0
NK,Spirit Air Lines,12,4,1001.0,13.0,137.0,1986,9.0,12.0,15.0
NK,Spirit Air Lines,12,5,997.0,11.0,135.0,1977,9.0,9.0,15.0
NK,Spirit Air Lines,12,6,998.0,13.0,135.0,1930,9.0,10.0,15.0
NK,Spirit Air Lines,12,7,1002.0,22.0,136.0,1507,9.0,20.0,16.0
OO,SkyWest Airlines Inc.,1,1,508.0,12.0,77.0,6374,7.0,10.0,21.0
OO,SkyWest Airlines Inc.,1,2,503.0,9.0,76.0,6088,7.0,6.0,20.0
OO,SkyWest Airlines Inc.,1,3,503.0,9.0,76.0,6137,7.0,7.0,21.0
OO,SkyWest Airlines Inc.,1,4,508.0,6.0,77.0,6319,7.0,4.0,21.0
OO,SkyWest Airlines Inc.,1,5,509.0,11.0,77.0,7621,7.0,9.0,21.0
OO,SkyWest Airlines Inc.,1,6,523.0,8.0,79.0,6486,7.0,4.0,19.0
OO,SkyWest Airlines Inc.,1,7,517.0,13.0,78.0,7416,7.0,11.0,21.0
OO,SkyWest Airlines Inc.,2,1,499.0,6.0,76.0,8003,7.0,4.0,20.0
OO,SkyWest Airlines Inc.,2,2,501.0,10.0,76.0,6172,7.0,8.0,20.0
OO,SkyWest Airlines Inc.,2,3,503.0,6.0,77.0,6204,7.0,2.0,19.0
OO,SkyWest Airlines Inc.,2,4,500.0,7.0,76.0,6576,7.0,4.0,19.0
OO,SkyWest Airlines Inc.,2,5,502.0,10.0,76.0,6577,7.0,6.0,19.0
OO,SkyWest Airlines Inc.,2,6,517.0,4.0,78.0,5034,7.0,-1.0,17.0
OO,SkyWest Airlines Inc.,2,7,506.0,4.0,77.0,5827,7.0,-1.0,19.0
OO,SkyWest Airlines Inc.,3,1,501.0,10.0,76.0,6877,7.0,8.0,19.0
OO,SkyWest Airlines Inc.,3,2,496.0,6.0,76.0,8079,6.0,4.0,18.0
OO,SkyWest Airlines Inc.,3,3,498.0,7.0,77.0,8033,7.0,6.0,19.0
OO,SkyWest Airlines Inc.,3,4,503.0,12.0,77.0,8452,7.0,12.0,19.0
OO,SkyWest Airlines Inc.,3,5,502.0,11.0,76.0,6795,7.0,9.0,19.0
OO,SkyWest Airlines Inc.,3,6,536.0,8.0,80.0,5797,7.0,6.0,18.0
OO,SkyWest Airlines Inc.,3,7,510.0,9.0,77.0,6621,7.0,6.0,18.0
OO,SkyWest Airlines Inc.,4,1,493.0,3.0,75.0,6800,7.0,-0.0,18.0
OO,SkyWest Airlines Inc.,4,2,490.0,4.0,75.0,6806,6.0,0.0,18.0
OO,SkyWest Airlines Inc.,4,3,488.0,2.0,75.0,6803,6.0,-2.0,17.0
OO,SkyWest Airlines Inc.,4,4,497.0,4.0,76.0,6978,6.0,0.0,18.0
OO,SkyWest Airlines Inc.,4,5,496.0,6.0,76.0,8501,7.0,3.0,18.0
OO,SkyWest Airlines Inc.,4,6,509.0,4.0,77.0,6806,7.0,-0.0,18.0
OO,SkyWest Airlines Inc.,4,7,502.0,5.0,76.0,6641,6.0,2.0,18.0
OO,SkyWest Airlines Inc.,5,1,499.0,6.0,76.0,8550,7.0,2.0,18.0
OO,SkyWest Airlines Inc.,5,2,497.0,4.0,76.0,8531,7.0,0.0,18.0
OO,SkyWest Airlines Inc.,5,3,497.0,4.0,76.0,6800,7.0,1.0,18.0
OO,SkyWest Airlines Inc.,5,4,498.0,8.0,76.0,6848,7.0,6.0,18.0
OO,SkyWest Airlines Inc.,5,5,499.0,8.0,76.0,6862,7.0,5.0,18.0
OO,SkyWest Airlines Inc.,5,6,519.0,4.0,78.0,5265,7.0,-1.0,17.0
OO,SkyWest Airlines Inc.,5,7,505.0,4.0,77.0,7941,7.0,0.0,17.0
OO,SkyWest Airlines Inc.,6,1,486.0,8.0,74.0,7165,7.0,5.0,18.0
OO,SkyWest Airlines Inc.,6,2,487.0,7.0,74.0,7072,7.0,4.0,18.0
OO,SkyWest Airlines Inc.,6,3,490.0,6.0,75.0,8788,7.0,2.0,18.0
OO,SkyWest Airlines Inc.,6,4,486.0,7.0,74.0,8943,7.0,4.0,18.0
OO,SkyWest Airlines Inc.,6,5,488.0,5.0,74.0,7224,7.0,2.0,18.0
OO,SkyWest Airlines Inc.,6,6,514.0,5.0,77.0,6041,7.0,0.0,17.0
OO,SkyWest Airlines Inc.,6,7,497.0,6.0,75.0,7022,7.0,2.0,18.0
OO,SkyWest Airlines Inc.,7,1,491.0,9.0,74.0,6892,7.0,6.0,18.0
OO,SkyWest Airlines Inc.,7,2,489.0,7.0,74.0,7347,7.0,3.0,18.0
OO,SkyWest Airlines Inc.,7,3,490.0,8.0,74.0,7282,7.0,5.0,19.0
OO,SkyWest Airlines Inc.,7,4,491.0,10.0,74.0,7283,7.0,7.0,19.0
OO,SkyWest Airlines Inc.,7,5,491.0,9.0,74.0,9166,7.0,6.0,18.0
OO,SkyWest Airlines Inc.,7,6,527.0,6.0,78.0,7726,7.0,2.0,18.0
OO,SkyWest Airlines Inc.,7,7,513.0,8.0,77.0,8581,7.0,4.0,18.0
OO,SkyWest Airlines Inc.,8,1,490.0,11.0,74.0,9026,7.0,7.0,18.0
OO,SkyWest Airlines Inc.,8,2,492.0,7.0,74.0,8838,7.0,3.0,19.0
OO,SkyWest Airlines Inc.,8,3,491.0,6.0,74.0,8917,7.0,2.0,18.0
OO,SkyWest Airlines Inc.,8,4,491.0,10.0,75.0,7246,7.0,8.0,19.0
OO,SkyWest Airlines Inc.,8,5,491.0,11.0,75.0,7190,7.0,8.0,19.0
OO,SkyWest Airlines Inc.,8,6,516.0,6.0,77.0,5834,7.0,3.0,18.0
OO,SkyWest Airlines Inc.,8,7,505.0,10.0,76.0,6970,7.0,6.0,18.0
OO,SkyWest Airlines Inc.,9,1,486.0,1.0,73.0,6868,7.0,-4.0,18.0
OO,SkyWest Airlines Inc.,9,2,484.0,3.0,74.0,6671,7.0,-0.0,18.0
OO,SkyWest Airlines Inc.,9,3,484.0,4.0,74.0,6654,7.0,1.0,19.0
OO,SkyWest Airlines Inc.,9,4,486.0,5.0,74.0,8559,7.0,1.0,18.0
OO,SkyWest Airlines Inc.,9,5,485.0,2.0,74.0,8631,7.0,-1.0,18.0
OO,SkyWest Airlines Inc.,9,6,487.0,1.0,74.0,4983,7.0,-4.0,17.0
OO,SkyWest Airlines Inc.,9,7,488.0,1.0,74.0,6301,7.0,-3.0,18.0
OO,SkyWest Airlines Inc.,10,1,494.0,5.0,75.0,8460,7.0,2.0,19.0
OO,SkyWest Airlines Inc.,10,2,488.0,6.0,74.0,6687,7.0,3.0,19.0
OO,SkyWest Airlines Inc.,10,3,492.0,3.0,75.0,6883,7.0,0.0,19.0
OO,SkyWest Airlines Inc.,10,4,496.0,3.0,76.0,6938,7.0,1.0,19.0
OO,SkyWest Airlines Inc.,10,5,495.0,7.0,75.0,6877,7.0,4.0,19.0
OO,SkyWest Airlines Inc.,10,6,494.0,1.0,75.0,6351,7.0,-4.0,18.0
OO,SkyWest Airlines Inc.,10,7,498.0,7.0,76.0,8215,7.0,4.0,19.0
OO,SkyWest Airlines Inc.,11,1,499.0,11.0,76.0,6485,7.0,6.0,19.0
OO,SkyWest Airlines Inc.,11,2,496.0,4.0,76.0,8057,7.0,-1.0,19.0
OO,SkyWest Airlines Inc.,11,3,500.0,3.0,76.0,8305,7.0,-1.0,19.0
OO,SkyWest Airlines Inc.,11,4,501.0,7.0,76.0,5811,7.0,3.0,19.0
OO,SkyWest Airlines Inc.,11,5,499.0,5.0,76.0,6169,7.0,0.0,19.0
OO,SkyWest Airlines Inc.,11,6,501.0,5.0,76.0,5517,7.0,-0.0,18.0
OO,SkyWest Airlines Inc.,11,7,503.0,9.0,77.0,6468,7.0,4.0,19.0
OO,SkyWest Airlines Inc.,12,1,503.0,22.0,78.0,6503,7.0,20.0,21.0
OO,SkyWest Airlines Inc.,12,2,499.0,12.0,77.0,6539,7.0,9.0,20.0
OO,SkyWest Airlines Inc.,12,3,499.0,11.0,77.0,6540,7.0,8.0,21.0
OO,SkyWest Airlines Inc.,12,4,502.0,15.0,77.0,8132,7.0,13.0,21.0
OO,SkyWest Airlines Inc.,12,5,505.0,18.0,78.0,8149,8.0,18.0,23.0
OO,SkyWest Airlines Inc.,12,6,516.0,19.0,79.0,6304,8.0,17.0,21.0
OO,SkyWest Airlines Inc.,12,7,519.0,29.0,80.0,5348,8.0,29.0,23.0
UA,United Air Lines Inc.,1,1,1232.0,15.0,160.0,5412,9.0,3.0,17.0
UA,United Air Lines Inc.,1,2,1212.0,11.0,159.0,4988,8.0,-2.0,17.0
UA,United Air Lines Inc.,1,3,1210.0,8.0,159.0,5050,8.0,-4.0,17.0
UA,United Air Lines Inc.,1,4,1205.0,5.0,158.0,5541,8.0,-7.0,17.0
UA,United Air Lines Inc.,1,5,1230.0,11.0,161.0,6596,9.0,0.0,17.0
UA,United Air Lines Inc.,1,6,1303.0,6.0,169.0,4896,8.0,-8.0,15.0
UA,United Air Lines Inc.,1,7,1241.0,8.0,161.0,5886,8.0,-4.0,17.0
UA,United Air Lines Inc.,2,1,1205.0,9.0,158.0,7042,8.0,-3.0,18.0
UA,United Air Lines Inc.,2,2,1211.0,10.0,159.0,5329,8.0,-1.0,18.0
UA,United Air Lines Inc.,2,3,1207.0,11.0,159.0,5384,8.0,-0.0,18.0
UA,United Air Lines Inc.,2,4,1203.0,6.0,157.0,5868,8.0,-7.0,17.0
UA,United Air Lines Inc.,2,5,1212.0,13.0,158.0,5753,8.0,0.0,17.0
UA,United Air Lines Inc.,2,6,1305.0,4.0,169.0,4070,8.0,-11.0,15.0
UA,United Air Lines Inc.,2,7,1231.0,8.0,160.0,5091,8.0,-5.0,15.0
UA,United Air Lines Inc.,3,1,1241.0,12.0,162.0,6095,8.0,1.0,17.0
UA,United Air Lines Inc.,3,2,1233.0,8.0,162.0,6956,8.0,-3.0,16.0
UA,United Air Lines Inc.,3,3,1238.0,10.0,163.0,6892,8.0,1.0,17.0
UA,United Air Lines Inc.,3,4,1243.0,16.0,164.0,7625,8.0,9.0,18.0
UA,United Air Lines Inc.,3,5,1265.0,15.0,165.0,5854,8.0,6.0,17.0
UA,United Air Lines Inc.,3,6,1336.0,12.0,173.0,4678,8.0,1.0,16.0
UA,United Air Lines Inc.,3,7,1270.0,9.0,165.0,5590,8.0,-2.0,16.0
UA,United Air Lines Inc.,4,1,1226.0,11.0,160.0,5990,8.0,-1.0,16.0
UA,United Air Lines Inc.,4,2,1209.0,6.0,159.0,5882,8.0,-4.0,17.0
UA,United Air Lines Inc.,4,3,1216.0,4.0,159.0,5981,8.0,-7.0,16.0
UA,United Air Lines Inc.,4,4,1217.0,9.0,159.0,6183,8.0,-2.0,17.0
UA,United Air Lines Inc.,4,5,1228.0,10.0,161.0,7538,8.0,1.0,18.0
UA,United Air Lines Inc.,4,6,1314.0,10.0,169.0,5453,8.0,-2.0,16.0
UA,United Air Lines Inc.,4,7,1256.0,9.0,163.0,5523,8.0,-2.0,16.0
UA,United Air Lines Inc.,5,1,1221.0,7.0,160.0,7723,8.0,-3.0,17.0
UA,United Air Lines Inc.,5,2,1212.0,8.0,159.0,7698,8.0,-1.0,17.0
UA,United Air Lines Inc.,5,3,1217.0,10.0,159.0,6130,8.0,-0.0,17.0
UA,United Air Lines Inc.,5,4,1218.0,12.0,160.0,6250,8.0,4.0,19.0
UA,United Air Lines Inc.,5,5,1222.0,16.0,159.0,6112,9.0,7.0,18.0
UA,United Air Lines Inc.,5,6,1301.0,9.0,168.0,4687,8.0,-3.0,15.0
UA,United Air Lines Inc.,5,7,1262.0,8.0,164.0,6895,8.0,-4.0,16.0
UA,United Air Lines Inc.,6,1,1246.0,11.0,161.0,6335,9.0,2.0,18.0
UA,United Air Lines Inc.,6,2,1246.0,19.0,162.0,6252,9.0,12.0,19.0
UA,United Air Lines Inc.,6,3,1240.0,13.0,160.0,7824,9.0,4.0,18.0
UA,United Air Lines Inc.,6,4,1249.0,18.0,162.0,7856,9.0,11.0,19.0
UA,United Air Lines Inc.,6,5,1247.0,12.0,161.0,6267,9.0,2.0,17.0
UA,United Air Lines Inc.,6,6,1325.0,8.0,168.0,5250,8.0,-4.0,16.0
UA,United Air Lines Inc.,6,7,1268.0,13.0,163.0,6041,9.0,3.0,18.0
UA,United Air Lines Inc.,7,1,1260.0,19.0,162.0,5988,9.0,10.0,18.0
UA,United Air Lines Inc.,7,2,1260.0,13.0,161.0,6419,9.0,3.0,18.0
UA,United Air Lines Inc.,7,3,1264.0,16.0,163.0,6393,9.0,9.0,19.0
UA,United Air Lines Inc.,7,4,1265.0,22.0,163.0,6344,9.0,15.0,19.0
UA,United Air Lines Inc.,7,5,1266.0,20.0,163.0,7915,9.0,12.0,18.0
UA,United Air Lines Inc.,7,6,1327.0,16.0,169.0,6857,9.0,6.0,16.0
UA,United Air Lines Inc.,7,7,1279.0,15.0,164.0,7342,9.0,5.0,17.0
UA,United Air Lines Inc.,8,1,1229.0,17.0,158.0,8106,9.0,9.0,18.0
UA,United Air Lines Inc.,8,2,1217.0,10.0,157.0,8097,9.0,2.0,18.0
UA,United Air Lines Inc.,8,3,1214.0,12.0,156.0,8203,9.0,4.0,18.0
UA,United Air Lines Inc.,8,4,1227.0,15.0,158.0,6532,9.0,9.0,19.0
UA,United Air Lines Inc.,8,5,1227.0,17.0,158.0,6516,9.0,10.0,18.0
UA,United Air Lines Inc.,8,6,1304.0,17.0,167.0,5493,9.0,9.0,17.0
UA,United Air Lines Inc.,8,7,1241.0,14.0,160.0,6317,9.0,6.0,18.0
UA,United Air Lines Inc.,9,1,1180.0,6.0,152.0,6629,9.0,-2.0,17.0
UA,United Air Lines Inc.,9,2,1176.0,5.0,151.0,6462,9.0,-4.0,17.0
UA,United Air Lines Inc.,9,3,1186.0,15.0,153.0,6332,10.0,9.0,19.0
UA,United Air Lines Inc.,9,4,1175.0,10.0,152.0,8298,9.0,3.0,18.0
UA,United Air Lines Inc.,9,5,1180.0,9.0,153.0,8257,9.0,1.0,17.0
UA,United Air Lines Inc.,9,6,1229.0,3.0,158.0,4822,8.0,-6.0,15.0
UA,United Air Lines Inc.,9,7,1205.0,7.0,154.0,5877,9.0,-2.0,17.0
UA,United Air Lines Inc.,10,1,1152.0,9.0,149.0,8376,9.0,-0.0,16.0
UA,United Air Lines Inc.,10,2,1151.0,8.0,149.0,6515,8.0,-1.0,17.0
UA,United Air Lines Inc.,10,3,1149.0,6.0,149.0,6818,9.0,-2.0,17.0
UA,United Air Lines Inc.,10,4,1147.0,10.0,150.0,6840,9.0,5.0,18.0
UA,United Air Lines Inc.,10,5,1150.0,14.0,148.0,6802,9.0,6.0,18.0
UA,United Air Lines Inc.,10,6,1220.0,5.0,156.0,6200,8.0,-6.0,16.0
UA,United Air Lines Inc.,10,7,1175.0,12.0,152.0,7986,9.0,3.0,17.0
UA,United Air Lines Inc.,11,1,1143.0,8.0,149.0,6481,8.0,-3.0,17.0
UA,United Air Lines Inc.,11,2,1144.0,7.0,149.0,7618,8.0,-3.0,17.0
UA,United Air Lines Inc.,11,3,1138.0,8.0,149.0,8134,8.0,-1.0,17.0
UA,United Air Lines Inc.,11,4,1148.0,9.0,148.0,6019,8.0,-2.0,17.0
UA,United Air Lines Inc.,11,5,1151.0,7.0,149.0,6221,8.0,-3.0,17.0
UA,United Air Lines Inc.,11,6,1239.0,6.0,159.0,4976,8.0,-7.0,16.0
UA,United Air Lines Inc.,11,7,1158.0,7.0,150.0,6453,8.0,-4.0,16.0
UA,United Air Lines Inc.,12,1,1210.0,15.0,158.0,6294,9.0,7.0,17.0
UA,United Air Lines Inc.,12,2,1222.0,8.0,160.0,6065,8.0,-0.0,17.0
UA,United Air Lines Inc.,12,3,1216.0,11.0,159.0,6198,8.0,3.0,17.0
UA,United Air Lines Inc.,12,4,1197.0,15.0,157.0,7978,9.0,7.0,17.0
UA,United Air Lines Inc.,12,5,1230.0,16.0,161.0,7857,9.0,8.0,18.0
UA,United Air Lines Inc.,12,6,1337.0,21.0,173.0,5410,9.0,12.0,17.0
UA,United Air Lines Inc.,12,7,1261.0,27.0,164.0,5284,10.0,21.0,17.0
VX,Virgin America,1,1,1418.0,16.0,185.0,722,8.0,11.0,15.0
VX,Virgin America,1,2,1451.0,14.0,190.0,674,8.0,8.0,14.0
VX,Virgin America,1,3,1440.0,17.0,187.0,681,8.0,11.0,15.0
VX,Virgin America,1,4,1418.0,5.0,184.0,738,8.0,-1.0,14.0
VX,Virgin America,1,5,1369.0,15.0,179.0,904,9.0,9.0,15.0
VX,Virgin America,1,6,1415.0,7.0,185.0,647,8.0,-1.0,13.0
VX,Virgin America,1,7,1351.0,18.0,176.0,852,9.0,15.0,16.0
VX,Virgin America,2,1,1405.0,7.0,183.0,887,8.0,1.0,15.0
VX,Virgin America,2,2,1461.0,6.0,190.0,651,8.0,-1.0,14.0
VX,Virgin America,2,3,1434.0,15.0,187.0,671,8.0,10.0,15.0
VX,Virgin America,2,4,1423.0,5.0,184.0,735,8.0,-2.0,14.0
VX,Virgin America,2,5,1380.0,14.0,180.0,766,9.0,10.0,16.0
VX,Virgin America,2,6,1459.0,3.0,190.0,500,8.0,-6.0,13.0
VX,Virgin America,2,7,1362.0,2.0,177.0,684,8.0,-5.0,13.0
VX,Virgin America,3,1,1426.0,23.0,187.0,753,8.0,20.0,16.0
VX,Virgin America,3,2,1450.0,4.0,190.0,887,8.0,-2.0,13.0
VX,Virgin America,3,3,1430.0,4.0,186.0,922,8.0,-1.0,14.0
VX,Virgin America,3,4,1426.0,17.0,186.0,955,8.0,13.0,15.0
VX,Virgin America,3,5,1392.0,24.0,183.0,788,9.0,21.0,16.0
VX,Virgin America,3,6,1457.0,18.0,190.0,538,8.0,11.0,14.0
VX,Virgin America,3,7,1399.0,21.0,183.0,715,9.0,19.0,16.0
VX,Virgin America,4,1,1423.0,8.0,184.0,801,9.0,3.0,15.0
VX,Virgin America,4,2,1461.0,4.0,190.0,763,9.0,-0.0,15.0
VX,Virgin America,4,3,1438.0,1.0,187.0,769,8.0,-4.0,15.0
VX,Virgin America,4,4,1417.0,9.0,184.0,808,9.0,5.0,16.0
VX,Virgin America,4,5,1410.0,19.0,184.0,1010,9.0,17.0,17.0
VX,Virgin America,4,6,1453.0,11.0,189.0,709,8.0,5.0,14.0
VX,Virgin America,4,7,1393.0,14.0,181.0,733,10.0,11.0,15.0
VX,Virgin America,5,1,1437.0,10.0,188.0,980,8.0,6.0,14.0
VX,Virgin America,5,2,1447.0,8.0,188.0,943,8.0,3.0,15.0
VX,Virgin America,5,3,1441.0,7.0,187.0,772,8.0,3.0,16.0
VX,Virgin America,5,4,1422.0,13.0,186.0,808,8.0,10.0,16.0
VX,Virgin America,5,5,1434.0,33.0,187.0,803,9.0,30.0,16.0
VX,Virgin America,5,6,1424.0,6.0,185.0,585,8.0,-1.0,13.0
VX,Virgin America,5,7,1434.0,5.0,186.0,904,8.0,0.0,14.0
VX,Virgin America,6,1,1456.0,12.0,187.0,812,10.0,10.0,16.0
VX,Virgin America,6,2,1474.0,10.0,191.0,802,9.0,9.0,17.0
VX,Virgin America,6,3,1469.0,8.0,189.0,983,9.0,6.0,16.0
VX,Virgin America,6,4,1464.0,16.0,189.0,1013,9.0,17.0,18.0
VX,Virgin America,6,5,1440.0,11.0,185.0,811,9.0,8.0,16.0
VX,Virgin America,6,6,1510.0,9.0,192.0,666,9.0,3.0,15.0
VX,Virgin America,6,7,1470.0,15.0,187.0,746,10.0,13.0,17.0
VX,Virgin America,7,1,1459.0,12.0,187.0,818,9.0,10.0,16.0
VX,Virgin America,7,2,1501.0,6.0,191.0,804,9.0,3.0,16.0
VX,Virgin America,7,3,1481.0,7.0,190.0,802,9.0,5.0,16.0
VX,Virgin America,7,4,1467.0,14.0,189.0,827,9.0,12.0,17.0
VX,Virgin America,7,5,1458.0,19.0,188.0,1035,10.0,19.0,16.0
VX,Virgin America,7,6,1522.0,10.0,195.0,829,9.0,6.0,15.0
VX,Virgin America,7,7,1464.0,10.0,186.0,934,10.0,6.0,16.0
VX,Virgin America,8,1,1475.0,13.0,189.0,1013,10.0,11.0,16.0
VX,Virgin America,8,2,1490.0,7.0,191.0,997,9.0,3.0,16.0
VX,Virgin America,8,3,1474.0,7.0,188.0,987,9.0,4.0,16.0
VX,Virgin America,8,4,1467.0,12.0,188.0,817,9.0,10.0,17.0
VX,Virgin America,8,5,1460.0,14.0,187.0,825,10.0,13.0,17.0
VX,Virgin America,8,6,1523.0,10.0,196.0,655,9.0,7.0,15.0
VX,Virgin America,8,7,1482.0,15.0,189.0,753,10.0,14.0,18.0
VX,Virgin America,9,1,1447.0,6.0,184.0,790,8.0,1.0,15.0
VX,Virgin America,9,2,1441.0,8.0,184.0,785,9.0,4.0,14.0
VX,Virgin America,9,3,1438.0,2.0,184.0,780,8.0,-1.0,16.0
VX,Virgin America,9,4,1427.0,8.0,183.0,1014,8.0,5.0,16.0
VX,Virgin America,9,5,1419.0,6.0,182.0,1013,9.0,3.0,15.0
VX,Virgin America,9,6,1451.0,2.0,187.0,607,8.0,-2.0,14.0
VX,Virgin America,9,7,1429.0,9.0,182.0,715,9.0,6.0,16.0
VX,Virgin America,10,1,1447.0,16.0,186.0,981,8.0,13.0,16.0
VX,Virgin America,10,2,1446.0,9.0,186.0,771,8.0,6.0,15.0
VX,Virgin America,10,3,1435.0,1.0,184.0,781,8.0,-3.0,14.0
VX,Virgin America,10,4,1414.0,6.0,183.0,797,8.0,4.0,15.0
VX,Virgin America,10,5,1419.0,21.0,182.0,788,9.0,19.0,17.0
VX,Virgin America,10,6,1451.0,8.0,185.0,758,8.0,3.0,14.0
VX,Virgin America,10,7,1429.0,23.0,182.0,892,9.0,22.0,17.0
VX,Virgin America,11,1,1444.0,8.0,185.0,830,9.0,3.0,14.0
VX,Virgin America,11,2,1441.0,3.0,184.0,1012,8.0,-4.0,14.0
VX,Virgin America,11,3,1438.0,3.0,184.0,1007,8.0,-2.0,14.0
VX,Virgin America,11,4,1435.0,2.0,183.0,772,8.0,-4.0,14.0
VX,Virgin America,11,5,1435.0,2.0,183.0,802,8.0,-5.0,14.0
VX,Virgin America,11,6,1469.0,18.0,188.0,700,8.0,11.0,14.0
VX,Virgin America,11,7,1452.0,13.0,186.0,779,9.0,10.0,15.0
VX,Virgin America,12,1,1437.0,14.0,187.0,792,9.0,11.0,15.0
VX,Virgin America,12,2,1430.0,1.0,186.0,814,9.0,-3.0,14.0
VX,Virgin America,12,3,1418.0,12.0,184.0,790,9.0,9.0,15.0
VX,Virgin America,12,4,1438.0,25.0,186.0,998,9.0,22.0,16.0
VX,Virgin America,12,5,1447.0,27.0,188.0,1003,10.0,26.0,16.0
VX,Virgin America,12,6,1410.0,23.0,184.0,788,9.0,20.0,15.0
VX,Virgin America,12,7,1414.0,13.0,183.0,711,9.0,9.0,14.0
WN,Southwest Airlines Co.,1,1,734.0,7.0,102.0,13974,6.0,0.0,12.0
WN,Southwest Airlines Co.,1,2,736.0,7.0,103.0,13895,6.0,0.0,12.0
WN,Southwest Airlines Co.,1,3,735.0,5.0,103.0,13851,6.0,-2.0,12.0
WN,Southwest Airlines Co.,1,4,734.0,5.0,103.0,13953,6.0,-2.0,12.0
WN,Southwest Airlines Co.,1,5,741.0,7.0,104.0,16226,6.0,1.0,12.0
WN,Southwest Airlines Co.,1,6,774.0,5.0,107.0,14127,6.0,-3.0,12.0
WN,Southwest Airlines Co.,1,7,742.0,9.0,103.0,15309,6.0,2.0,12.0
WN,Southwest Airlines Co.,2,1,733.0,6.0,102.0,17263,6.0,-1.0,13.0
WN,Southwest Airlines Co.,2,2,734.0,6.0,103.0,13828,6.0,-1.0,12.0
WN,Southwest Airlines Co.,2,3,733.0,5.0,103.0,13555,6.0,-2.0,12.0
WN,Southwest Airlines Co.,2,4,733.0,5.0,103.0,14035,6.0,-2.0,12.0
WN,Southwest Airlines Co.,2,5,733.0,5.0,102.0,14045,6.0,-3.0,12.0
WN,Southwest Airlines Co.,2,6,781.0,2.0,108.0,11275,6.0,-8.0,11.0
WN,Southwest Airlines Co.,2,7,749.0,4.0,104.0,11641,6.0,-4.0,12.0
WN,Southwest Airlines Co.,3,1,749.0,8.0,104.0,14753,6.0,3.0,12.0
WN,Southwest Airlines Co.,3,2,747.0,5.0,105.0,18280,6.0,-0.0,12.0
WN,Southwest Airlines Co.,3,3,745.0,8.0,105.0,17939,6.0,2.0,12.0
WN,Southwest Airlines Co.,3,4,750.0,10.0,105.0,18509,6.0,6.0,12.0
WN,Southwest Airlines Co.,3,5,750.0,10.0,105.0,14862,6.0,5.0,12.0
WN,Southwest Airlines Co.,3,6,807.0,11.0,111.0,12600,6.0,6.0,12.0
WN,Southwest Airlines Co.,3,7,758.0,7.0,106.0,13565,6.0,2.0,12.0
WN,Southwest Airlines Co.,4,1,749.0,6.0,104.0,14788,6.0,1.0,12.0
WN,Southwest Airlines Co.,4,2,745.0,5.0,104.0,14778,6.0,1.0,12.0
WN,Southwest Airlines Co.,4,3,744.0,5.0,104.0,14937,6.0,-0.0,12.0
WN,Southwest Airlines Co.,4,4,743.0,8.0,104.0,14940,6.0,4.0,12.0
WN,Southwest Airlines Co.,4,5,747.0,11.0,105.0,18701,6.0,8.0,12.0
WN,Southwest Airlines Co.,4,6,792.0,13.0,109.0,14680,6.0,8.0,12.0
WN,Southwest Airlines Co.,4,7,759.0,10.0,105.0,13879,6.0,6.0,12.0
WN,Southwest Airlines Co.,5,1,743.0,7.0,103.0,18248,6.0,3.0,12.0
WN,Southwest Airlines Co.,5,2,743.0,8.0,103.0,18508,6.0,4.0,12.0
WN,Southwest Airlines Co.,5,3,742.0,11.0,103.0,14713,6.0,6.0,12.0
WN,Southwest Airlines Co.,5,4,743.0,13.0,104.0,14804,6.0,10.0,12.0
WN,Southwest Airlines Co.,5,5,744.0,11.0,103.0,14873,6.0,7.0,12.0
WN,Southwest Airlines Co.,5,6,778.0,6.0,107.0,11325,6.0,-0.0,11.0
WN,Southwest Airlines Co.,5,7,761.0,6.0,105.0,16376,6.0,1.0,11.0
WN,Southwest Airlines Co.,6,1,762.0,13.0,105.0,15239,6.0,9.0,12.0
WN,Southwest Airlines Co.,6,2,764.0,17.0,105.0,14906,6.0,14.0,12.0
WN,Southwest Airlines Co.,6,3,760.0,11.0,104.0,18909,6.0,7.0,12.0
WN,Southwest Airlines Co.,6,4,759.0,17.0,105.0,18785,6.0,14.0,13.0
WN,Southwest Airlines Co.,6,5,758.0,13.0,104.0,15202,6.0,9.0,12.0
WN,Southwest Airlines Co.,6,6,814.0,12.0,110.0,12737,6.0,6.0,11.0
WN,Southwest Airlines Co.,6,7,773.0,14.0,106.0,14535,6.0,10.0,12.0
WN,Southwest Airlines Co.,7,1,769.0,12.0,105.0,14692,6.0,7.0,12.0
WN,Southwest Airlines Co.,7,2,762.0,12.0,104.0,15297,6.0,8.0,12.0
WN,Southwest Airlines Co.,7,3,767.0,26.0,105.0,14605,7.0,23.0,12.0
WN,Southwest Airlines Co.,7,4,764.0,25.0,105.0,14284,7.0,22.0,12.0
WN,Southwest Airlines Co.,7,5,764.0,22.0,105.0,18541,7.0,18.0,12.0
WN,Southwest Airlines Co.,7,6,825.0,14.0,111.0,16226,6.0,9.0,12.0
WN,Southwest Airlines Co.,7,7,775.0,11.0,105.0,17685,6.0,6.0,12.0
WN,Southwest Airlines Co.,8,1,742.0,9.0,102.0,18367,6.0,5.0,12.0
WN,Southwest Airlines Co.,8,2,743.0,8.0,102.0,18247,6.0,4.0,12.0
WN,Southwest Airlines Co.,8,3,742.0,8.0,102.0,18297,6.0,4.0,12.0
WN,Southwest Airlines Co.,8,4,742.0,10.0,102.0,14769,6.0,7.0,13.0
WN,Southwest Airlines Co.,8,5,743.0,12.0,102.0,14576,7.0,9.0,12.0
WN,Southwest Airlines Co.,8,6,796.0,9.0,108.0,11665,6.0,4.0,12.0
WN,Southwest Airlines Co.,8,7,746.0,8.0,102.0,13789,6.0,4.0,12.0
WN,Southwest Airlines Co.,9,1,735.0,6.0,101.0,14259,6.0,2.0,12.0
WN,Southwest Airlines Co.,9,2,733.0,3.0,101.0,14527,6.0,-2.0,12.0
WN,Southwest Airlines Co.,9,3,734.0,5.0,101.0,14468,6.0,0.0,12.0
WN,Southwest Airlines Co.,9,4,733.0,8.0,101.0,18174,6.0,4.0,12.0
WN,Southwest Airlines Co.,9,5,734.0,7.0,101.0,18127,6.0,3.0,12.0
WN,Southwest Airlines Co.,9,6,781.0,2.0,107.0,10999,6.0,-3.0,11.0
WN,Southwest Airlines Co.,9,7,747.0,8.0,102.0,13074,6.0,3.0,12.0
WN,Southwest Airlines Co.,10,1,736.0,5.0,102.0,17941,6.0,-0.0,12.0
WN,Southwest Airlines Co.,10,2,734.0,4.0,102.0,14603,6.0,-1.0,12.0
WN,Southwest Airlines Co.,10,3,734.0,4.0,102.0,14620,6.0,-1.0,12.0
WN,Southwest Airlines Co.,10,4,731.0,7.0,102.0,14497,6.0,3.0,12.0
WN,Southwest Airlines Co.,10,5,731.0,9.0,101.0,14228,6.0,5.0,12.0
WN,Southwest Airlines Co.,10,6,780.0,3.0,106.0,14033,6.0,-3.0,12.0
WN,Southwest Airlines Co.,10,7,744.0,8.0,102.0,17313,6.0,3.0,12.0
WN,Southwest Airlines Co.,11,1,738.0,8.0,102.0,14848,6.0,1.0,12.0
WN,Southwest Airlines Co.,11,2,737.0,5.0,102.0,18061,6.0,-2.0,12.0
WN,Southwest Airlines Co.,11,3,736.0,5.0,102.0,18581,6.0,-1.0,12.0
WN,Southwest Airlines Co.,11,4,740.0,6.0,102.0,13544,6.0,-1.0,12.0
WN,Southwest Airlines Co.,11,5,740.0,5.0,102.0,14170,6.0,-2.0,12.0
WN,Southwest Airlines Co.,11,6,779.0,4.0,107.0,12753,6.0,-4.0,11.0
WN,Southwest Airlines Co.,11,7,742.0,7.0,103.0,14593,6.0,0.0,12.0
WN,Southwest Airlines Co.,12,1,737.0,13.0,104.0,14834,7.0,8.0,12.0
WN,Southwest Airlines Co.,12,2,737.0,10.0,104.0,14877,6.0,6.0,12.0
WN,Southwest Airlines Co.,12,3,737.0,9.0,104.0,15023,6.0,4.0,12.0
WN,Southwest Airlines Co.,12,4,737.0,13.0,104.0,18739,7.0,8.0,12.0
WN,Southwest Airlines Co.,12,5,736.0,13.0,104.0,18465,7.0,9.0,13.0
WN,Southwest Airlines Co.,12,6,775.0,15.0,108.0,13820,7.0,10.0,12.0
WN,Southwest Airlines Co.,12,7,749.0,15.0,105.0,12955,7.0,11.0,12.0
